study_id,spinal_canal_stenosis_l1_l2,spinal_canal_stenosis_l2_l3,spinal_canal_stenosis_l3_l4,spinal_canal_stenosis_l4_l5,spinal_canal_stenosis_l5_s1,left_neural_foraminal_narrowing_l1_l2,left_neural_foraminal_narrowing_l2_l3,left_neural_foraminal_narrowing_l3_l4,left_neural_foraminal_narrowing_l4_l5,left_neural_foraminal_narrowing_l5_s1,right_neural_foraminal_narrowing_l1_l2,right_neural_foraminal_narrowing_l2_l3,right_neural_foraminal_narrowing_l3_l4,right_neural_foraminal_narrowing_l4_l5,right_neural_foraminal_narrowing_l5_s1,left_subarticular_stenosis_l1_l2,left_subarticular_stenosis_l2_l3,left_subarticular_stenosis_l3_l4,left_subarticular_stenosis_l4_l5,left_subarticular_stenosis_l5_s1,right_subarticular_stenosis_l1_l2,right_subarticular_stenosis_l2_l3,right_subarticular_stenosis_l3_l4,right_subarticular_stenosis_l4_l5,right_subarticular_stenosis_l5_s1
10728036,Normal/Mild,Normal/Mild,Normal/Mild,Normal/Mild,Normal/Mild,Normal/Mild,Normal/Mild,Normal/Mild,Normal/Mild,Normal/Mild,Normal/Mild,Normal/Mild,Normal/Mild,Normal/Mild,Normal/Mild,Normal/Mild,Normal/Mild,Normal/Mild,Normal/Mild,Normal/Mild,Normal/Mild,Normal/Mild,Normal/Mild,Moderate,Normal/Mild
22191399,Normal/Mild,Normal/Mild,Normal/Mild,Severe,Normal/Mild,Normal/Mild,Normal/Mild,Normal/Mild,Normal/Mild,Normal/Mild,Normal/Mild,Normal/Mild,Normal/Mild,Moderate,Moderate,Normal/Mild,Normal/Mild,Normal/Mild,Moderate,Moderate,Normal/Mild,Normal/Mild,Normal/Mild,Severe,Moderate
40745534,Normal/Mild,Normal/Mild,Moderate,Severe,Normal/Mild,Normal/Mild,Normal/Mild,Normal/Mild,Moderate,Moderate,Normal/Mild,Normal/Mild,Normal/Mild,Moderate,Normal/Mild,Normal/Mild,Normal/Mild,Moderate,Severe,Moderate,Normal/Mild,Normal/Mild,Moderate,Severe,Normal/Mild
46494080,Normal/Mild,Normal/Mild,Moderate,Normal/Mild,Normal/Mild,Normal/Mild,Normal/Mild,Normal/Mild,Normal/Mild,Normal/Mild,Normal/Mild,Normal/Mild,Normal/Mild,Normal/Mild,Moderate,,,Normal/Mild,Moderate,Moderate,,,Moderate,Moderate,Normal/Mild
52695609,Normal/Mild,Moderate,Moderate,Normal/Mild,Normal/Mild,Normal/Mild,Moderate,Moderate,Moderate,Moderate,Severe,Moderate,Normal/Mild,Normal/Mild,Normal/Mild,Normal/Mild,Moderate,Moderate,Moderate,Normal/Mild,Normal/Mild,Moderate,Normal/Mild,Moderate,Normal/Mild
58813022,Normal/Mild,Moderate,Normal/Mild,Normal/Mild,Normal/Mild,Normal/Mild,Normal/Mild,Normal/Mild,Normal/Mild,Moderate,Severe,Moderate,Normal/Mild,Normal/Mild,Normal/Mild,Normal/Mild,Normal/Mild,Normal/Mild,Normal/Mild,Normal/Mild,Moderate,Severe,Severe,Severe,Moderate
69086098,Normal/Mild,Normal/Mild,Normal/Mild,Normal/Mild,Normal/Mild,Normal/Mild,Normal/Mild,Moderate,Normal/Mild,Moderate,Normal/Mild,Normal/Mild,Normal/Mild,Normal/Mild,Moderate,Normal/Mild,Normal/Mild,Normal/Mild,Moderate,Normal/Mild,Normal/Mild,Normal/Mild,Moderate,Normal/Mild,Normal/Mild
71973234,Normal/Mild,Normal/Mild,Normal/Mild,Severe,Normal/Mild,Normal/Mild,Moderate,Normal/Mild,Moderate,Severe,Normal/Mild,Normal/Mild,Moderate,Moderate,Severe,Normal/Mild,Normal/Mild,Normal/Mild,Severe,Normal/Mild,Normal/Mild,Normal/Mild,Normal/Mild,Severe,Normal/Mild
92407737,Normal/Mild,Normal/Mild,Normal/Mild,Normal/Mild,Normal/Mild,Normal/Mild,Normal/Mild,Normal/Mild,Normal/Mild,Normal/Mild,Normal/Mild,Normal/Mild,Normal/Mild,Normal/Mild,Normal/Mild,Normal/Mild,Normal/Mild,Normal/Mild,Normal/Mild,Normal/Mild,Normal/Mild,Normal/Mild,Normal/Mild,Normal/Mild,Normal/Mild
107698245,Normal/Mild,Normal/Mild,Normal/Mild,Normal/Mild,Normal/Mild,Normal/Mild,Normal/Mild,Normal/Mild,Normal/Mild,Normal/Mild,Normal/Mild,Normal/Mild,Normal/Mild,Normal/Mild,Normal/Mild,Normal/Mild,Normal/Mild,Normal/Mild,Normal/Mild,Normal/Mild,Normal/Mild,Normal/Mild,Normal/Mild,Normal/Mild,Normal/Mild
109454808,Normal/Mild,Normal/Mild,Normal/Mild,Normal/Mild,Normal/Mild,Normal/Mild,Normal/Mild,Normal/Mild,Normal/Mild,Normal/Mild,Normal/Mild,Normal/Mild,Normal/Mild,Normal/Mild,Normal/Mild,Normal/Mild,Normal/Mild,Normal/Mild,Normal/Mild,Normal/Mild,Normal/Mild,Normal/Mild,Normal/Mild,Normal/Mild,Normal/Mild
111701877,Normal/Mild,Normal/Mild,Normal/Mild,Normal/Mild,Normal/Mild,Normal/Mild,Normal/Mild,Normal/Mild,Normal/Mild,Normal/Mild,Normal/Mild,Normal/Mild,Normal/Mild,Normal/Mild,Normal/Mild,Normal/Mild,Normal/Mild,Normal/Mild,Severe,Normal/Mild,Normal/Mild,Normal/Mild,Normal/Mild,Moderate,Normal/Mild
114899184,Normal/Mild,Normal/Mild,Normal/Mild,Normal/Mild,Normal/Mild,Normal/Mild,Normal/Mild,Normal/Mild,Normal/Mild,Moderate,Normal/Mild,Normal/Mild,Normal/Mild,Normal/Mild,Severe,Normal/Mild,Normal/Mild,Normal/Mild,Normal/Mild,Normal/Mild,Normal/Mild,Normal/Mild,Normal/Mild,Normal/Mild,Moderate
135073898,Normal/Mild,Normal/Mild,Normal/Mild,Normal/Mild,Normal/Mild,Normal/Mild,Normal/Mild,Moderate,Moderate,Normal/Mild,Normal/Mild,Normal/Mild,Moderate,Moderate,Moderate,Normal/Mild,Moderate,Moderate,Severe,Moderate,Normal/Mild,Normal/Mild,Normal/Mild,Moderate,Normal/Mild
142991438,Normal/Mild,Normal/Mild,Normal/Mild,Moderate,Normal/Mild,Normal/Mild,Normal/Mild,Normal/Mild,Normal/Mild,Normal/Mild,Normal/Mild,Normal/Mild,Normal/Mild,Normal/Mild,Normal/Mild,Normal/Mild,Normal/Mild,Normal/Mild,Severe,Normal/Mild,Normal/Mild,Normal/Mild,Normal/Mild,Moderate,Normal/Mild
144244752,Normal/Mild,Normal/Mild,Normal/Mild,Severe,Normal/Mild,Normal/Mild,Normal/Mild,Normal/Mild,Normal/Mild,Normal/Mild,Normal/Mild,Normal/Mild,Normal/Mild,Moderate,Normal/Mild,Normal/Mild,Normal/Mild,Moderate,Severe,Moderate,Normal/Mild,Normal/Mild,Moderate,Severe,Normal/Mild
155064828,Normal/Mild,Normal/Mild,Normal/Mild,Normal/Mild,Normal/Mild,Normal/Mild,Moderate,Moderate,Moderate,Severe,Normal/Mild,Normal/Mild,Moderate,Moderate,Severe,Normal/Mild,Normal/Mild,Normal/Mild,Normal/Mild,Moderate,Normal/Mild,Normal/Mild,Normal/Mild,Normal/Mild,Normal/Mild
176605889,Normal/Mild,Normal/Mild,Normal/Mild,Moderate,Normal/Mild,Normal/Mild,Normal/Mild,Normal/Mild,Normal/Mild,Normal/Mild,Normal/Mild,Normal/Mild,Normal/Mild,Normal/Mild,Severe,Normal/Mild,Normal/Mild,Normal/Mild,Normal/Mild,Normal/Mild,Normal/Mild,Normal/Mild,Normal/Mild,Normal/Mild,Moderate
177339056,Normal/Mild,Normal/Mild,Normal/Mild,Normal/Mild,Normal/Mild,Normal/Mild,Normal/Mild,Normal/Mild,Normal/Mild,Normal/Mild,Normal/Mild,Normal/Mild,Normal/Mild,Normal/Mild,Normal/Mild,Normal/Mild,Normal/Mild,Normal/Mild,Normal/Mild,Normal/Mild,Normal/Mild,Normal/Mild,Normal/Mild,Moderate,Normal/Mild
185510290,Severe,Severe,Moderate,Normal/Mild,Normal/Mild,Moderate,Normal/Mild,Moderate,Moderate,Normal/Mild,Moderate,Severe,Moderate,Severe,Normal/Mild,Moderate,Moderate,Severe,Severe,Severe,Moderate,Severe,Severe,Moderate,Moderate
189160688,Normal/Mild,Normal/Mild,Normal/Mild,Moderate,Normal/Mild,Normal/Mild,Normal/Mild,Normal/Mild,Moderate,Normal/Mild,Normal/Mild,Normal/Mild,Normal/Mild,Moderate,Normal/Mild,Normal/Mild,Normal/Mild,Normal/Mild,Severe,Normal/Mild,Normal/Mild,Normal/Mild,Moderate,Moderate,Normal/Mild
189207389,Normal/Mild,Normal/Mild,Normal/Mild,Normal/Mild,Normal/Mild,Normal/Mild,Normal/Mild,Normal/Mild,Normal/Mild,Normal/Mild,Normal/Mild,Normal/Mild,Normal/Mild,Normal/Mild,Normal/Mild,Normal/Mild,Normal/Mild,Normal/Mild,Normal/Mild,Normal/Mild,Normal/Mild,Normal/Mild,Normal/Mild,Normal/Mild,Normal/Mild
206642334,Normal/Mild,Normal/Mild,Normal/Mild,Normal/Mild,Normal/Mild,Normal/Mild,Normal/Mild,Normal/Mild,Normal/Mild,Severe,Normal/Mild,Normal/Mild,Normal/Mild,Normal/Mild,Normal/Mild,Normal/Mild,Normal/Mild,Normal/Mild,Moderate,Severe,Normal/Mild,Normal/Mild,Normal/Mild,Moderate,Normal/Mild
211314658,Normal/Mild,Normal/Mild,Normal/Mild,Normal/Mild,Normal/Mild,Normal/Mild,Normal/Mild,Normal/Mild,Normal/Mild,Normal/Mild,Normal/Mild,Normal/Mild,Normal/Mild,Normal/Mild,Normal/Mild,Normal/Mild,Normal/Mild,Normal/Mild,Normal/Mild,Normal/Mild,Normal/Mild,Normal/Mild,Normal/Mild,Moderate,Moderate
213335325,Normal/Mild,Normal/Mild,Normal/Mild,Normal/Mild,Normal/Mild,Normal/Mild,Normal/Mild,Normal/Mild,Normal/Mild,Normal/Mild,Normal/Mild,Normal/Mild,Normal/Mild,Normal/Mild,Normal/Mild,Normal/Mild,Normal/Mild,Normal/Mild,Moderate,Normal/Mild,Normal/Mild,Normal/Mild,Normal/Mild,Normal/Mild,Normal/Mild
215788128,Normal/Mild,Normal/Mild,Normal/Mild,Moderate,Normal/Mild,Normal/Mild,Normal/Mild,Normal/Mild,Normal/Mild,Normal/Mild,Normal/Mild,Normal/Mild,Normal/Mild,Normal/Mild,Normal/Mild,Moderate,Moderate,Moderate,Moderate,Moderate,Normal/Mild,Moderate,Normal/Mild,Moderate,Moderate
218109857,Normal/Mild,Normal/Mild,Normal/Mild,Normal/Mild,Normal/Mild,Normal/Mild,Normal/Mild,Normal/Mild,Normal/Mild,Normal/Mild,Normal/Mild,Normal/Mild,Normal/Mild,Normal/Mild,Normal/Mild,Normal/Mild,Normal/Mild,Normal/Mild,Normal/Mild,Normal/Mild,Normal/Mild,Normal/Mild,Normal/Mild,Normal/Mild,Normal/Mild
224965813,Normal/Mild,Normal/Mild,Normal/Mild,Normal/Mild,Normal/Mild,Normal/Mild,Normal/Mild,Normal/Mild,Normal/Mild,Normal/Mild,Normal/Mild,Normal/Mild,Normal/Mild,Normal/Mild,Normal/Mild,Normal/Mild,Normal/Mild,Normal/Mild,Moderate,Normal/Mild,Normal/Mild,Normal/Mild,Normal/Mild,Moderate,Normal/Mild
228290246,Severe,Normal/Mild,Normal/Mild,Normal/Mild,Normal/Mild,Moderate,Normal/Mild,Moderate,Moderate,Moderate,Normal/Mild,Normal/Mild,Normal/Mild,Moderate,Severe,Severe,Moderate,Moderate,Severe,,Severe,Normal/Mild,Normal/Mild,Normal/Mild,Normal/Mild
245660566,Normal/Mild,Normal/Mild,Moderate,Severe,Normal/Mild,Moderate,Moderate,Moderate,Severe,Moderate,Normal/Mild,Moderate,Moderate,Moderate,Normal/Mild,Normal/Mild,Normal/Mild,Normal/Mild,Severe,Normal/Mild,Normal/Mild,Normal/Mild,Moderate,Moderate,Normal/Mild
247968996,Normal/Mild,Normal/Mild,Normal/Mild,Normal/Mild,Normal/Mild,Normal/Mild,Normal/Mild,Normal/Mild,Normal/Mild,Moderate,Normal/Mild,Moderate,Moderate,Moderate,Moderate,Normal/Mild,Normal/Mild,Moderate,Moderate,Normal/Mild,Normal/Mild,Normal/Mild,Moderate,Moderate,Normal/Mild
258027917,Normal/Mild,Normal/Mild,Normal/Mild,Normal/Mild,Normal/Mild,Normal/Mild,Normal/Mild,Normal/Mild,Normal/Mild,Normal/Mild,Normal/Mild,Normal/Mild,Normal/Mild,Normal/Mild,Normal/Mild,Normal/Mild,Normal/Mild,Normal/Mild,Normal/Mild,Normal/Mild,Normal/Mild,Normal/Mild,Normal/Mild,Moderate,Moderate
265570475,Normal/Mild,Normal/Mild,Normal/Mild,Normal/Mild,Normal/Mild,Normal/Mild,Normal/Mild,Normal/Mild,Normal/Mild,Normal/Mild,Normal/Mild,Normal/Mild,Normal/Mild,Normal/Mild,Normal/Mild,Normal/Mild,Normal/Mild,Normal/Mild,Normal/Mild,Normal/Mild,Normal/Mild,Normal/Mild,Moderate,Normal/Mild,Normal/Mild
267989673,Normal/Mild,Normal/Mild,Normal/Mild,Normal/Mild,Normal/Mild,Normal/Mild,Normal/Mild,Normal/Mild,Normal/Mild,Normal/Mild,Normal/Mild,Normal/Mild,Normal/Mild,Normal/Mild,Normal/Mild,Normal/Mild,Normal/Mild,Normal/Mild,Normal/Mild,Normal/Mild,Normal/Mild,Normal/Mild,Normal/Mild,Normal/Mild,Normal/Mild
282036903,Normal/Mild,Normal/Mild,Normal/Mild,Normal/Mild,Normal/Mild,Normal/Mild,Normal/Mild,Normal/Mild,Normal/Mild,Normal/Mild,Normal/Mild,Normal/Mild,Normal/Mild,Normal/Mild,Normal/Mild,Normal/Mild,Normal/Mild,Normal/Mild,Normal/Mild,Normal/Mild,Normal/Mild,Normal/Mild,Normal/Mild,Normal/Mild,Normal/Mild
286903519,Normal/Mild,Moderate,Moderate,Severe,Normal/Mild,Normal/Mild,Normal/Mild,Normal/Mild,Severe,Normal/Mild,Normal/Mild,Moderate,Normal/Mild,Normal/Mild,Normal/Mild,Normal/Mild,Normal/Mild,Moderate,Severe,Moderate,Normal/Mild,Moderate,Moderate,Severe,Normal/Mild
287921610,Normal/Mild,Normal/Mild,Normal/Mild,Normal/Mild,Normal/Mild,Normal/Mild,Normal/Mild,Normal/Mild,Moderate,Normal/Mild,Normal/Mild,Normal/Mild,Normal/Mild,Normal/Mild,Normal/Mild,Normal/Mild,Normal/Mild,Normal/Mild,Normal/Mild,Normal/Mild,Normal/Mild,Normal/Mild,Normal/Mild,Normal/Mild,Normal/Mild
296083289,Normal/Mild,Normal/Mild,Moderate,Moderate,Normal/Mild,Normal/Mild,Normal/Mild,Normal/Mild,Normal/Mild,Severe,Moderate,Normal/Mild,Normal/Mild,Moderate,Severe,,Moderate,Severe,Severe,Severe,,Normal/Mild,Moderate,Moderate,Normal/Mild
305101752,Normal/Mild,Normal/Mild,Normal/Mild,Severe,Normal/Mild,Normal/Mild,Normal/Mild,Moderate,Severe,Severe,Normal/Mild,Normal/Mild,Normal/Mild,Severe,Moderate,Normal/Mild,Normal/Mild,Normal/Mild,Severe,Moderate,Normal/Mild,Normal/Mild,Moderate,Severe,Normal/Mild
305152236,Normal/Mild,Normal/Mild,Normal/Mild,Severe,Moderate,Normal/Mild,Normal/Mild,Normal/Mild,Moderate,Normal/Mild,Normal/Mild,Normal/Mild,Normal/Mild,Moderate,Severe,,Normal/Mild,Moderate,Severe,Normal/Mild,,Normal/Mild,Normal/Mild,Severe,Severe
305320071,Normal/Mild,Normal/Mild,Severe,Normal/Mild,Normal/Mild,Normal/Mild,Normal/Mild,Normal/Mild,Normal/Mild,Normal/Mild,Normal/Mild,Normal/Mild,Moderate,Moderate,Moderate,Normal/Mild,Normal/Mild,Severe,Severe,Normal/Mild,Normal/Mild,Normal/Mild,Severe,Severe,Normal/Mild
316662180,Normal/Mild,Normal/Mild,Normal/Mild,Moderate,Moderate,Normal/Mild,Normal/Mild,Normal/Mild,Moderate,Moderate,Normal/Mild,Normal/Mild,Normal/Mild,Normal/Mild,Normal/Mild,Normal/Mild,Normal/Mild,Normal/Mild,Normal/Mild,Normal/Mild,Normal/Mild,Normal/Mild,Normal/Mild,Moderate,Severe
324739602,Normal/Mild,Normal/Mild,Normal/Mild,Normal/Mild,Normal/Mild,Normal/Mild,Normal/Mild,Normal/Mild,Normal/Mild,Normal/Mild,Normal/Mild,Normal/Mild,Normal/Mild,Normal/Mild,Normal/Mild,Normal/Mild,Normal/Mild,Normal/Mild,Moderate,Normal/Mild,Normal/Mild,Normal/Mild,Normal/Mild,Moderate,Normal/Mild
325485990,Normal/Mild,Normal/Mild,Moderate,Normal/Mild,Normal/Mild,Severe,Normal/Mild,Normal/Mild,Moderate,Severe,Normal/Mild,Normal/Mild,Moderate,Normal/Mild,Severe,Normal/Mild,Moderate,Moderate,Moderate,Moderate,Normal/Mild,Moderate,Moderate,Moderate,Moderate
326589617,Normal/Mild,Normal/Mild,Normal/Mild,Normal/Mild,Normal/Mild,Normal/Mild,Normal/Mild,Normal/Mild,Normal/Mild,Normal/Mild,Normal/Mild,Normal/Mild,Normal/Mild,Moderate,Moderate,Normal/Mild,Normal/Mild,Normal/Mild,Normal/Mild,Normal/Mild,Normal/Mild,Normal/Mild,Normal/Mild,Normal/Mild,Moderate
329807127,Normal/Mild,Normal/Mild,Normal/Mild,Normal/Mild,Normal/Mild,Normal/Mild,Normal/Mild,Normal/Mild,Normal/Mild,Severe,Normal/Mild,Moderate,Moderate,Moderate,Severe,Normal/Mild,Normal/Mild,Moderate,Moderate,Normal/Mild,Normal/Mild,Normal/Mild,Moderate,Moderate,Moderate
336305686,Normal/Mild,Normal/Mild,Normal/Mild,Normal/Mild,Normal/Mild,Normal/Mild,Normal/Mild,Moderate,Moderate,Normal/Mild,Normal/Mild,Normal/Mild,Normal/Mild,Normal/Mild,Normal/Mild,Normal/Mild,Normal/Mild,Normal/Mild,Normal/Mild,Normal/Mild,Normal/Mild,Normal/Mild,Normal/Mild,Normal/Mild,Normal/Mild
341058399,Normal/Mild,Normal/Mild,Normal/Mild,Normal/Mild,Normal/Mild,Normal/Mild,Normal/Mild,Normal/Mild,Normal/Mild,Normal/Mild,Normal/Mild,Normal/Mild,Moderate,Normal/Mild,Moderate,Normal/Mild,Normal/Mild,Moderate,Severe,Severe,Moderate,Normal/Mild,Moderate,Moderate,Moderate
344297746,Moderate,Moderate,Normal/Mild,Normal/Mild,Normal/Mild,Normal/Mild,Moderate,Moderate,Severe,Moderate,Moderate,Normal/Mild,Moderate,Severe,Severe,,Moderate,Moderate,Moderate,Moderate,,Severe,Moderate,Severe,Moderate
347228139,Normal/Mild,Normal/Mild,Normal/Mild,Normal/Mild,Normal/Mild,Normal/Mild,Normal/Mild,Moderate,Normal/Mild,Normal/Mild,Normal/Mild,Normal/Mild,Moderate,Moderate,Normal/Mild,Normal/Mild,Normal/Mild,Normal/Mild,Moderate,Moderate,Normal/Mild,Normal/Mild,Normal/Mild,Normal/Mild,Normal/Mild
349723373,Normal/Mild,Normal/Mild,Normal/Mild,Moderate,Normal/Mild,Normal/Mild,Normal/Mild,Normal/Mild,Moderate,Normal/Mild,Normal/Mild,Normal/Mild,Moderate,Moderate,Moderate,Normal/Mild,Normal/Mild,Normal/Mild,Moderate,Normal/Mild,Normal/Mild,Normal/Mild,Normal/Mild,Severe,Normal/Mild
372642770,Normal/Mild,Normal/Mild,Normal/Mild,Normal/Mild,Normal/Mild,Normal/Mild,Normal/Mild,Normal/Mild,Normal/Mild,Moderate,Normal/Mild,Normal/Mild,Normal/Mild,Moderate,Normal/Mild,Normal/Mild,Normal/Mild,Normal/Mild,Normal/Mild,Moderate,Normal/Mild,Normal/Mild,Normal/Mild,Severe,Moderate
375720624,Normal/Mild,Normal/Mild,Normal/Mild,Normal/Mild,Normal/Mild,Normal/Mild,Normal/Mild,Normal/Mild,Normal/Mild,Normal/Mild,Normal/Mild,Normal/Mild,Normal/Mild,Normal/Mild,Normal/Mild,Normal/Mild,Normal/Mild,Normal/Mild,Moderate,Moderate,Normal/Mild,Normal/Mild,Normal/Mild,Normal/Mild,Normal/Mild
375877945,Normal/Mild,Normal/Mild,Moderate,Moderate,Normal/Mild,Normal/Mild,Normal/Mild,Moderate,Moderate,Severe,Normal/Mild,Normal/Mild,Normal/Mild,Severe,Normal/Mild,Normal/Mild,Normal/Mild,Moderate,Severe,Normal/Mild,Normal/Mild,Normal/Mild,Normal/Mild,Normal/Mild,Normal/Mild
376048062,Normal/Mild,Normal/Mild,Normal/Mild,Normal/Mild,Normal/Mild,Normal/Mild,Normal/Mild,Normal/Mild,Moderate,Normal/Mild,Normal/Mild,Normal/Mild,Normal/Mild,Normal/Mild,Normal/Mild,Normal/Mild,Normal/Mild,Normal/Mild,Moderate,Normal/Mild,Normal/Mild,Normal/Mild,Normal/Mild,Normal/Mild,Normal/Mild
377474930,Normal/Mild,Normal/Mild,Normal/Mild,Severe,Normal/Mild,Normal/Mild,Normal/Mild,Moderate,Moderate,Severe,Normal/Mild,Normal/Mild,Normal/Mild,Normal/Mild,Severe,Normal/Mild,Normal/Mild,Normal/Mild,Severe,Moderate,Normal/Mild,Normal/Mild,Normal/Mild,Severe,Normal/Mild
387445557,Normal/Mild,Normal/Mild,Normal/Mild,Normal/Mild,Normal/Mild,Normal/Mild,Normal/Mild,Normal/Mild,Normal/Mild,Moderate,Normal/Mild,Normal/Mild,Normal/Mild,Normal/Mild,Normal/Mild,Normal/Mild,Normal/Mild,Normal/Mild,Normal/Mild,Normal/Mild,Normal/Mild,Normal/Mild,Normal/Mild,Normal/Mild,Normal/Mild
389494496,Normal/Mild,Normal/Mild,Normal/Mild,Normal/Mild,Normal/Mild,Normal/Mild,Normal/Mild,Normal/Mild,Normal/Mild,Moderate,Normal/Mild,Normal/Mild,Normal/Mild,Normal/Mild,Moderate,Normal/Mild,Normal/Mild,Normal/Mild,Normal/Mild,Normal/Mild,Normal/Mild,Normal/Mild,Normal/Mild,Normal/Mild,Normal/Mild
390498354,Normal/Mild,Normal/Mild,Severe,Moderate,Moderate,Normal/Mild,Moderate,Moderate,Moderate,Moderate,Normal/Mild,Normal/Mild,Moderate,Moderate,Severe,,,Severe,Severe,Severe,,,Severe,Moderate,Severe
408455883,Normal/Mild,Normal/Mild,Normal/Mild,Normal/Mild,Normal/Mild,Normal/Mild,Normal/Mild,Moderate,Moderate,Moderate,Normal/Mild,Normal/Mild,Normal/Mild,Normal/Mild,Normal/Mild,Normal/Mild,Moderate,Moderate,Moderate,Normal/Mild,Normal/Mild,Normal/Mild,Normal/Mild,Normal/Mild,Normal/Mild
416503281,Normal/Mild,Normal/Mild,Normal/Mild,Normal/Mild,Normal/Mild,Normal/Mild,Normal/Mild,Normal/Mild,Normal/Mild,Normal/Mild,Normal/Mild,Normal/Mild,Normal/Mild,Normal/Mild,Normal/Mild,Normal/Mild,Normal/Mild,Normal/Mild,Normal/Mild,Normal/Mild,Normal/Mild,Normal/Mild,Normal/Mild,Normal/Mild,Normal/Mild
424882323,Normal/Mild,Normal/Mild,Normal/Mild,Normal/Mild,Normal/Mild,Normal/Mild,Normal/Mild,Normal/Mild,Normal/Mild,Normal/Mild,Normal/Mild,Normal/Mild,Normal/Mild,Normal/Mild,Normal/Mild,Normal/Mild,Normal/Mild,Normal/Mild,Moderate,Moderate,Normal/Mild,Normal/Mild,Normal/Mild,Normal/Mild,Normal/Mild
425970461,Normal/Mild,Normal/Mild,Normal/Mild,Normal/Mild,Normal/Mild,Normal/Mild,Normal/Mild,Normal/Mild,Normal/Mild,Normal/Mild,Normal/Mild,Normal/Mild,Normal/Mild,Normal/Mild,Normal/Mild,Normal/Mild,Normal/Mild,Normal/Mild,Normal/Mild,Normal/Mild,Normal/Mild,Normal/Mild,Normal/Mild,Normal/Mild,Normal/Mild
434249980,Normal/Mild,Normal/Mild,Normal/Mild,Normal/Mild,Normal/Mild,Normal/Mild,Normal/Mild,Normal/Mild,Normal/Mild,Normal/Mild,Normal/Mild,Normal/Mild,Normal/Mild,Normal/Mild,Normal/Mild,Normal/Mild,Normal/Mild,Normal/Mild,Moderate,Normal/Mild,Normal/Mild,Normal/Mild,Normal/Mild,Moderate,Normal/Mild
434488359,Normal/Mild,Normal/Mild,Normal/Mild,Normal/Mild,Normal/Mild,Normal/Mild,Normal/Mild,Normal/Mild,Normal/Mild,Normal/Mild,Normal/Mild,Normal/Mild,Normal/Mild,Normal/Mild,Normal/Mild,,,Normal/Mild,Moderate,Moderate,,,Normal/Mild,Moderate,Normal/Mild
435244060,Normal/Mild,Normal/Mild,Moderate,Moderate,Moderate,Normal/Mild,Normal/Mild,Normal/Mild,Normal/Mild,Normal/Mild,Normal/Mild,Normal/Mild,Normal/Mild,Moderate,Moderate,Normal/Mild,Normal/Mild,Normal/Mild,Normal/Mild,Moderate,Normal/Mild,Normal/Mild,Normal/Mild,Normal/Mild,Moderate
435973854,Normal/Mild,Normal/Mild,Normal/Mild,Normal/Mild,Normal/Mild,Normal/Mild,Moderate,Moderate,Moderate,Normal/Mild,Normal/Mild,Normal/Mild,Normal/Mild,Normal/Mild,Normal/Mild,Normal/Mild,Normal/Mild,Normal/Mild,Moderate,Normal/Mild,Normal/Mild,Normal/Mild,Normal/Mild,Moderate,Normal/Mild
442325762,Normal/Mild,Normal/Mild,Normal/Mild,Severe,Moderate,Normal/Mild,Normal/Mild,Normal/Mild,Moderate,Normal/Mild,Normal/Mild,Normal/Mild,Normal/Mild,Normal/Mild,Moderate,Normal/Mild,Normal/Mild,Normal/Mild,Severe,Severe,Normal/Mild,Normal/Mild,Normal/Mild,Severe,Severe
443364658,Normal/Mild,Normal/Mild,Normal/Mild,Normal/Mild,Normal/Mild,Normal/Mild,Normal/Mild,Normal/Mild,Moderate,Normal/Mild,Normal/Mild,Normal/Mild,Moderate,Moderate,Moderate,,,Normal/Mild,Moderate,Severe,,,Normal/Mild,Moderate,Severe
448315026,Normal/Mild,Normal/Mild,Normal/Mild,Normal/Mild,Normal/Mild,Normal/Mild,Normal/Mild,Normal/Mild,Normal/Mild,Normal/Mild,Normal/Mild,Normal/Mild,Normal/Mild,Normal/Mild,Moderate,Normal/Mild,Normal/Mild,Normal/Mild,Moderate,Moderate,Normal/Mild,Normal/Mild,Normal/Mild,Normal/Mild,Normal/Mild
480338765,Normal/Mild,Normal/Mild,Normal/Mild,Normal/Mild,Normal/Mild,Normal/Mild,Normal/Mild,Normal/Mild,Normal/Mild,Normal/Mild,Normal/Mild,Normal/Mild,Normal/Mild,Normal/Mild,Normal/Mild,Normal/Mild,Normal/Mild,Normal/Mild,Severe,Severe,Normal/Mild,Normal/Mild,Normal/Mild,Normal/Mild,Normal/Mild
481397395,Normal/Mild,Normal/Mild,Normal/Mild,Normal/Mild,Normal/Mild,Normal/Mild,Normal/Mild,Normal/Mild,Normal/Mild,Normal/Mild,Normal/Mild,Normal/Mild,Normal/Mild,Normal/Mild,Normal/Mild,Normal/Mild,Normal/Mild,Normal/Mild,Moderate,Normal/Mild,Normal/Mild,Normal/Mild,Moderate,Normal/Mild,Normal/Mild
489097547,Normal/Mild,Normal/Mild,Normal/Mild,Normal/Mild,Normal/Mild,Normal/Mild,Normal/Mild,Normal/Mild,Normal/Mild,Normal/Mild,Normal/Mild,Normal/Mild,Normal/Mild,Normal/Mild,Normal/Mild,Normal/Mild,Normal/Mild,Normal/Mild,Severe,Normal/Mild,Normal/Mild,Normal/Mild,Moderate,Severe,Normal/Mild
490052995,Normal/Mild,Normal/Mild,Normal/Mild,Normal/Mild,Normal/Mild,Normal/Mild,Normal/Mild,Normal/Mild,Normal/Mild,Normal/Mild,Normal/Mild,Normal/Mild,Moderate,Moderate,Normal/Mild,Moderate,Normal/Mild,Moderate,Normal/Mild,Normal/Mild,Normal/Mild,Moderate,Moderate,Moderate,Normal/Mild
492697281,Normal/Mild,Moderate,Severe,Normal/Mild,Normal/Mild,Normal/Mild,Normal/Mild,Severe,Normal/Mild,Severe,Normal/Mild,Normal/Mild,Moderate,Moderate,Severe,Normal/Mild,Moderate,Moderate,Normal/Mild,Moderate,Normal/Mild,Moderate,Severe,Moderate,Moderate
511308298,Normal/Mild,Normal/Mild,Normal/Mild,Normal/Mild,Normal/Mild,Normal/Mild,Normal/Mild,Normal/Mild,Normal/Mild,Normal/Mild,Normal/Mild,Normal/Mild,Moderate,Normal/Mild,Normal/Mild,Normal/Mild,Normal/Mild,Moderate,Normal/Mild,Normal/Mild,Normal/Mild,Moderate,Moderate,Normal/Mild,Normal/Mild
511857239,Normal/Mild,Normal/Mild,Normal/Mild,Moderate,Normal/Mild,Normal/Mild,Normal/Mild,Normal/Mild,Normal/Mild,Normal/Mild,Severe,Normal/Mild,Normal/Mild,Normal/Mild,Severe,Normal/Mild,Normal/Mild,Moderate,Severe,Severe,Severe,Moderate,Normal/Mild,Severe,Normal/Mild
527598501,Normal/Mild,Normal/Mild,Normal/Mild,Normal/Mild,Normal/Mild,Normal/Mild,Normal/Mild,Normal/Mild,Normal/Mild,Normal/Mild,Normal/Mild,Normal/Mild,Normal/Mild,Normal/Mild,Normal/Mild,Normal/Mild,Normal/Mild,Normal/Mild,Normal/Mild,Normal/Mild,Normal/Mild,Normal/Mild,Normal/Mild,Normal/Mild,Normal/Mild
545140827,Normal/Mild,Moderate,Normal/Mild,Severe,Normal/Mild,Normal/Mild,Normal/Mild,Normal/Mild,Moderate,Normal/Mild,Normal/Mild,Moderate,Moderate,Severe,Severe,Normal/Mild,Severe,Moderate,Severe,Normal/Mild,Normal/Mild,Severe,Normal/Mild,Severe,Normal/Mild
566498560,Normal/Mild,Normal/Mild,Normal/Mild,Normal/Mild,Normal/Mild,Normal/Mild,Normal/Mild,Normal/Mild,Normal/Mild,Normal/Mild,Normal/Mild,Normal/Mild,Normal/Mild,Moderate,Moderate,Normal/Mild,Normal/Mild,Moderate,Moderate,Normal/Mild,Normal/Mild,Normal/Mild,Normal/Mild,Normal/Mild,Normal/Mild
568440982,Normal/Mild,Severe,Normal/Mild,Normal/Mild,Normal/Mild,Normal/Mild,Moderate,Normal/Mild,Normal/Mild,Normal/Mild,Normal/Mild,Moderate,Normal/Mild,Normal/Mild,Normal/Mild,Normal/Mild,Severe,Severe,Severe,Normal/Mild,Normal/Mild,Severe,Severe,Moderate,Normal/Mild
582364168,Normal/Mild,Normal/Mild,Normal/Mild,Normal/Mild,Normal/Mild,Normal/Mild,Normal/Mild,Normal/Mild,Normal/Mild,Normal/Mild,Normal/Mild,Normal/Mild,Normal/Mild,Normal/Mild,Normal/Mild,Normal/Mild,Normal/Mild,Normal/Mild,Normal/Mild,Normal/Mild,Normal/Mild,Normal/Mild,Normal/Mild,Normal/Mild,Normal/Mild
596819592,Normal/Mild,Normal/Mild,Normal/Mild,Normal/Mild,Moderate,Normal/Mild,Normal/Mild,Normal/Mild,Normal/Mild,Normal/Mild,Normal/Mild,Normal/Mild,Normal/Mild,Normal/Mild,Normal/Mild,Normal/Mild,Moderate,Moderate,Moderate,Normal/Mild,Normal/Mild,Normal/Mild,Normal/Mild,Normal/Mild,Normal/Mild
607371793,Normal/Mild,Severe,Moderate,Severe,Normal/Mild,Normal/Mild,Severe,Moderate,Severe,Moderate,Moderate,Moderate,Moderate,Moderate,Normal/Mild,Moderate,Severe,Severe,Severe,Moderate,Moderate,Severe,Normal/Mild,Severe,Normal/Mild
642715533,Normal/Mild,Normal/Mild,Normal/Mild,Normal/Mild,Normal/Mild,Normal/Mild,Normal/Mild,Normal/Mild,Normal/Mild,Normal/Mild,Normal/Mild,Normal/Mild,Normal/Mild,Moderate,Normal/Mild,Normal/Mild,Normal/Mild,Normal/Mild,Normal/Mild,Normal/Mild,Normal/Mild,Normal/Mild,Normal/Mild,Normal/Mild,Normal/Mild
647971523,Normal/Mild,Normal/Mild,Normal/Mild,Severe,Normal/Mild,Normal/Mild,Normal/Mild,Normal/Mild,Normal/Mild,Normal/Mild,Normal/Mild,Normal/Mild,Normal/Mild,Moderate,Normal/Mild,Normal/Mild,Moderate,Moderate,Severe,Severe,Normal/Mild,Moderate,Moderate,Moderate,Severe
652321402,Normal/Mild,Normal/Mild,Normal/Mild,Normal/Mild,Normal/Mild,Normal/Mild,Normal/Mild,Normal/Mild,Moderate,Normal/Mild,Normal/Mild,Normal/Mild,Normal/Mild,Normal/Mild,Normal/Mild,Normal/Mild,Normal/Mild,Normal/Mild,Severe,Normal/Mild,Normal/Mild,Normal/Mild,Normal/Mild,Normal/Mild,Moderate
660253947,Normal/Mild,Normal/Mild,Normal/Mild,Normal/Mild,Normal/Mild,Normal/Mild,Normal/Mild,Normal/Mild,Normal/Mild,Normal/Mild,Normal/Mild,Normal/Mild,Normal/Mild,Normal/Mild,Severe,Normal/Mild,Normal/Mild,Normal/Mild,Normal/Mild,Normal/Mild,Normal/Mild,Normal/Mild,Normal/Mild,Normal/Mild,Moderate
664153360,Normal/Mild,Normal/Mild,Normal/Mild,Normal/Mild,Normal/Mild,Normal/Mild,Normal/Mild,Moderate,Severe,Severe,Normal/Mild,Normal/Mild,Moderate,Moderate,Moderate,Normal/Mild,Normal/Mild,Normal/Mild,Moderate,Normal/Mild,Normal/Mild,Moderate,Moderate,Moderate,Moderate
665627263,Normal/Mild,Normal/Mild,Normal/Mild,Normal/Mild,Normal/Mild,Normal/Mild,Normal/Mild,Normal/Mild,Normal/Mild,Normal/Mild,Normal/Mild,Normal/Mild,Normal/Mild,Normal/Mild,Normal/Mild,Normal/Mild,Normal/Mild,Normal/Mild,Normal/Mild,Normal/Mild,Normal/Mild,Normal/Mild,Normal/Mild,Normal/Mild,Normal/Mild
693432872,Normal/Mild,Normal/Mild,Normal/Mild,Moderate,Normal/Mild,Normal/Mild,Normal/Mild,Normal/Mild,Moderate,Normal/Mild,Normal/Mild,Normal/Mild,Normal/Mild,Moderate,Normal/Mild,,Normal/Mild,Normal/Mild,Moderate,Normal/Mild,,Normal/Mild,Normal/Mild,Moderate,Normal/Mild
694787671,Normal/Mild,Normal/Mild,Normal/Mild,Normal/Mild,Normal/Mild,Normal/Mild,Normal/Mild,Normal/Mild,Moderate,Normal/Mild,Normal/Mild,Normal/Mild,Normal/Mild,Normal/Mild,Normal/Mild,Normal/Mild,Normal/Mild,Normal/Mild,Moderate,Normal/Mild,Normal/Mild,Normal/Mild,Normal/Mild,Normal/Mild,Normal/Mild
704573554,Normal/Mild,Normal/Mild,Moderate,Severe,Normal/Mild,Moderate,Severe,Severe,Severe,Moderate,Normal/Mild,Normal/Mild,Normal/Mild,Moderate,Severe,Normal/Mild,Moderate,Moderate,Severe,Severe,Normal/Mild,Normal/Mild,Normal/Mild,Normal/Mild,Normal/Mild
719139061,Normal/Mild,Normal/Mild,Normal/Mild,Normal/Mild,Severe,Normal/Mild,Normal/Mild,Normal/Mild,Normal/Mild,Normal/Mild,Normal/Mild,Normal/Mild,Normal/Mild,Moderate,Normal/Mild,Normal/Mild,Normal/Mild,Moderate,Moderate,Moderate,Normal/Mild,Normal/Mild,Moderate,Normal/Mild,Normal/Mild
732899790,Normal/Mild,Normal/Mild,Normal/Mild,Severe,Normal/Mild,Normal/Mild,Normal/Mild,Moderate,Moderate,Normal/Mild,Normal/Mild,Normal/Mild,Moderate,Moderate,Normal/Mild,Normal/Mild,Normal/Mild,Moderate,Severe,Normal/Mild,Normal/Mild,Normal/Mild,Severe,Severe,Normal/Mild
767443105,Normal/Mild,Severe,Normal/Mild,Normal/Mild,Normal/Mild,Normal/Mild,Severe,Moderate,Normal/Mild,Normal/Mild,Normal/Mild,Moderate,Normal/Mild,Normal/Mild,Normal/Mild,Normal/Mild,Severe,Severe,Severe,Moderate,Normal/Mild,Severe,Moderate,Severe,Normal/Mild
769420103,Normal/Mild,Normal/Mild,Normal/Mild,Severe,Normal/Mild,Normal/Mild,Normal/Mild,Moderate,Moderate,Normal/Mild,Normal/Mild,Normal/Mild,Normal/Mild,Normal/Mild,Normal/Mild,Normal/Mild,Normal/Mild,Normal/Mild,Severe,Normal/Mild,Normal/Mild,Normal/Mild,Moderate,Severe,Moderate
779162887,Normal/Mild,Normal/Mild,Normal/Mild,Normal/Mild,Normal/Mild,Normal/Mild,Normal/Mild,Moderate,Moderate,Moderate,Normal/Mild,Normal/Mild,Moderate,Moderate,Normal/Mild,Normal/Mild,Normal/Mild,Normal/Mild,Moderate,Normal/Mild,Normal/Mild,Normal/Mild,Normal/Mild,Normal/Mild,Normal/Mild
783154228,Normal/Mild,Moderate,Severe,Normal/Mild,Normal/Mild,Moderate,Severe,Moderate,Severe,Normal/Mild,Normal/Mild,Normal/Mild,Moderate,Moderate,Normal/Mild,Normal/Mild,Moderate,Moderate,Normal/Mild,Normal/Mild,Normal/Mild,Moderate,Moderate,Moderate,Moderate
789748240,Moderate,Normal/Mild,Severe,Moderate,Normal/Mild,Normal/Mild,Normal/Mild,Normal/Mild,Normal/Mild,Severe,Normal/Mild,Normal/Mild,Moderate,Moderate,Normal/Mild,Normal/Mild,Moderate,Moderate,Severe,Severe,Moderate,Moderate,Severe,Severe,Moderate
793200975,Normal/Mild,Normal/Mild,Normal/Mild,Normal/Mild,Normal/Mild,Normal/Mild,Normal/Mild,Normal/Mild,Moderate,Normal/Mild,Normal/Mild,Normal/Mild,Normal/Mild,Normal/Mild,Normal/Mild,Normal/Mild,Normal/Mild,Normal/Mild,Normal/Mild,Normal/Mild,Normal/Mild,Normal/Mild,Normal/Mild,Normal/Mild,Normal/Mild
795441010,Normal/Mild,Normal/Mild,Normal/Mild,Normal/Mild,Normal/Mild,Normal/Mild,Normal/Mild,Normal/Mild,Normal/Mild,Normal/Mild,Normal/Mild,Normal/Mild,Normal/Mild,Normal/Mild,Normal/Mild,Normal/Mild,Normal/Mild,Normal/Mild,Normal/Mild,Moderate,Normal/Mild,Normal/Mild,Normal/Mild,Moderate,Normal/Mild
798120215,Normal/Mild,Normal/Mild,Normal/Mild,Normal/Mild,Normal/Mild,Normal/Mild,Normal/Mild,Normal/Mild,Normal/Mild,Normal/Mild,Normal/Mild,Normal/Mild,Normal/Mild,Normal/Mild,Normal/Mild,Normal/Mild,Normal/Mild,Normal/Mild,Normal/Mild,Moderate,Normal/Mild,Normal/Mild,Normal/Mild,Normal/Mild,Normal/Mild
801319011,Normal/Mild,Normal/Mild,Normal/Mild,Normal/Mild,Normal/Mild,Normal/Mild,Normal/Mild,Moderate,Normal/Mild,Normal/Mild,Normal/Mild,Normal/Mild,Normal/Mild,Normal/Mild,Normal/Mild,Normal/Mild,Normal/Mild,Moderate,Moderate,Normal/Mild,Normal/Mild,Normal/Mild,Moderate,Moderate,Normal/Mild
806727758,Normal/Mild,Moderate,Normal/Mild,Severe,Normal/Mild,Normal/Mild,Normal/Mild,Normal/Mild,Moderate,Moderate,Normal/Mild,Normal/Mild,Normal/Mild,Normal/Mild,Severe,Normal/Mild,Moderate,Normal/Mild,Severe,Moderate,Normal/Mild,Severe,Moderate,Severe,Severe
838542810,Normal/Mild,Normal/Mild,Normal/Mild,Normal/Mild,Normal/Mild,Normal/Mild,Normal/Mild,Normal/Mild,Moderate,Moderate,Normal/Mild,Normal/Mild,Normal/Mild,Normal/Mild,Normal/Mild,Normal/Mild,Normal/Mild,Normal/Mild,Normal/Mild,Normal/Mild,Normal/Mild,Normal/Mild,Normal/Mild,Moderate,Moderate
861719444,Normal/Mild,Normal/Mild,Normal/Mild,Normal/Mild,Normal/Mild,Normal/Mild,Normal/Mild,Normal/Mild,Normal/Mild,Normal/Mild,Normal/Mild,Normal/Mild,Normal/Mild,Normal/Mild,Normal/Mild,Normal/Mild,Normal/Mild,Normal/Mild,Normal/Mild,Normal/Mild,Normal/Mild,Normal/Mild,Normal/Mild,Normal/Mild,Normal/Mild
864298998,Normal/Mild,Normal/Mild,Normal/Mild,Normal/Mild,Normal/Mild,Normal/Mild,Normal/Mild,Moderate,Normal/Mild,Normal/Mild,Normal/Mild,Normal/Mild,Moderate,Moderate,Normal/Mild,Normal/Mild,Normal/Mild,Normal/Mild,Normal/Mild,Normal/Mild,Normal/Mild,Normal/Mild,Moderate,Moderate,Normal/Mild
886995462,Normal/Mild,Moderate,Severe,Normal/Mild,Normal/Mild,Moderate,Severe,Severe,Moderate,Severe,Normal/Mild,Normal/Mild,Severe,Severe,Severe,Moderate,Severe,Severe,Moderate,Normal/Mild,Normal/Mild,Normal/Mild,Severe,Severe,Severe
901299313,Moderate,Severe,Normal/Mild,Normal/Mild,Normal/Mild,Normal/Mild,Normal/Mild,Moderate,Severe,Severe,Normal/Mild,Normal/Mild,Normal/Mild,Normal/Mild,Severe,Normal/Mild,Moderate,Normal/Mild,Moderate,Moderate,Moderate,Moderate,Moderate,Severe,Normal/Mild
902012573,Normal/Mild,Normal/Mild,Normal/Mild,Normal/Mild,Normal/Mild,Normal/Mild,Normal/Mild,Normal/Mild,Normal/Mild,Moderate,Normal/Mild,Normal/Mild,Normal/Mild,Moderate,Normal/Mild,Normal/Mild,Normal/Mild,Moderate,Moderate,Normal/Mild,Normal/Mild,Normal/Mild,Normal/Mild,Moderate,Normal/Mild
916362094,Normal/Mild,Moderate,Moderate,Severe,Normal/Mild,Normal/Mild,Normal/Mild,Moderate,Normal/Mild,Severe,Normal/Mild,Normal/Mild,Normal/Mild,Severe,Moderate,Moderate,Severe,Moderate,Severe,Severe,Normal/Mild,Moderate,Moderate,Severe,Moderate
933559951,Normal/Mild,Normal/Mild,Normal/Mild,Normal/Mild,Normal/Mild,Normal/Mild,Normal/Mild,Normal/Mild,Normal/Mild,Normal/Mild,Normal/Mild,Normal/Mild,Normal/Mild,Moderate,Normal/Mild,,,Moderate,Moderate,Moderate,,,Moderate,Moderate,Normal/Mild
933831851,Normal/Mild,Moderate,Moderate,Normal/Mild,Normal/Mild,Moderate,Moderate,Moderate,Moderate,Severe,Normal/Mild,Normal/Mild,Normal/Mild,Normal/Mild,Severe,Normal/Mild,Moderate,Normal/Mild,Normal/Mild,Moderate,Normal/Mild,Moderate,Severe,Moderate,Severe
950702776,Normal/Mild,Normal/Mild,Normal/Mild,Normal/Mild,Normal/Mild,Normal/Mild,Normal/Mild,Normal/Mild,Normal/Mild,Normal/Mild,Normal/Mild,Normal/Mild,Normal/Mild,Normal/Mild,Normal/Mild,Normal/Mild,Normal/Mild,Normal/Mild,Normal/Mild,Normal/Mild,Normal/Mild,Normal/Mild,Normal/Mild,Moderate,Normal/Mild
951328272,Normal/Mild,Normal/Mild,Normal/Mild,Normal/Mild,Normal/Mild,Normal/Mild,Normal/Mild,Normal/Mild,Normal/Mild,Normal/Mild,Normal/Mild,Normal/Mild,Normal/Mild,Normal/Mild,Normal/Mild,Normal/Mild,Normal/Mild,Normal/Mild,Normal/Mild,Normal/Mild,Normal/Mild,Normal/Mild,Normal/Mild,Moderate,Moderate
953639220,Moderate,Normal/Mild,Moderate,Severe,Severe,Normal/Mild,Normal/Mild,Normal/Mild,Moderate,Severe,Normal/Mild,Moderate,Severe,Severe,Moderate,Moderate,Normal/Mild,Normal/Mild,Severe,Severe,Normal/Mild,Normal/Mild,Severe,Severe,Moderate
960417562,Normal/Mild,Normal/Mild,Normal/Mild,Moderate,Normal/Mild,Normal/Mild,Normal/Mild,Normal/Mild,Normal/Mild,Normal/Mild,Normal/Mild,Normal/Mild,Normal/Mild,Moderate,Normal/Mild,Normal/Mild,Normal/Mild,Moderate,Severe,Normal/Mild,Normal/Mild,Normal/Mild,Moderate,Severe,Moderate
974862951,Normal/Mild,Normal/Mild,Normal/Mild,Normal/Mild,Normal/Mild,Normal/Mild,Normal/Mild,Normal/Mild,Severe,Moderate,Normal/Mild,Normal/Mild,Normal/Mild,Normal/Mild,Normal/Mild,Normal/Mild,Normal/Mild,Normal/Mild,Moderate,Normal/Mild,Normal/Mild,Normal/Mild,Normal/Mild,Moderate,Normal/Mild
976356113,Moderate,Normal/Mild,Moderate,Severe,Normal/Mild,Moderate,Moderate,Moderate,Moderate,Moderate,Severe,Moderate,Moderate,Moderate,Normal/Mild,Moderate,Moderate,Moderate,Moderate,Severe,Severe,Severe,Severe,Severe,Normal/Mild
979209761,Normal/Mild,Normal/Mild,Normal/Mild,Normal/Mild,Normal/Mild,Normal/Mild,Normal/Mild,Normal/Mild,Normal/Mild,Normal/Mild,Normal/Mild,Normal/Mild,Normal/Mild,Normal/Mild,Normal/Mild,,Normal/Mild,Normal/Mild,Severe,Normal/Mild,,Normal/Mild,Normal/Mild,Normal/Mild,Normal/Mild
987393114,Normal/Mild,Normal/Mild,Normal/Mild,Severe,Normal/Mild,Normal/Mild,Normal/Mild,Normal/Mild,Normal/Mild,Normal/Mild,Normal/Mild,Normal/Mild,Normal/Mild,Normal/Mild,Normal/Mild,Normal/Mild,Normal/Mild,Normal/Mild,Moderate,Moderate,Normal/Mild,Moderate,Moderate,Moderate,Normal/Mild
998688940,Normal/Mild,Normal/Mild,Normal/Mild,Normal/Mild,Normal/Mild,Normal/Mild,Normal/Mild,Normal/Mild,Normal/Mild,Normal/Mild,Normal/Mild,Normal/Mild,Moderate,Moderate,Moderate,,Moderate,Moderate,Moderate,Normal/Mild,,Normal/Mild,Moderate,Severe,Severe
1009905322,Moderate,Normal/Mild,Severe,Severe,Normal/Mild,Normal/Mild,Normal/Mild,Normal/Mild,Moderate,Normal/Mild,Normal/Mild,Normal/Mild,Moderate,Moderate,Moderate,Normal/Mild,Normal/Mild,Moderate,Moderate,Normal/Mild,Normal/Mild,Moderate,Moderate,Severe,Moderate
1012375618,Normal/Mild,Normal/Mild,Normal/Mild,Normal/Mild,Normal/Mild,Normal/Mild,Normal/Mild,Normal/Mild,Normal/Mild,Normal/Mild,Normal/Mild,Normal/Mild,Normal/Mild,Normal/Mild,Moderate,Normal/Mild,Normal/Mild,Normal/Mild,Normal/Mild,,Normal/Mild,Normal/Mild,Moderate,Normal/Mild,Normal/Mild
1019430579,Normal/Mild,Normal/Mild,Normal/Mild,Normal/Mild,Normal/Mild,Normal/Mild,Normal/Mild,Normal/Mild,Normal/Mild,Normal/Mild,Normal/Mild,Normal/Mild,Normal/Mild,Normal/Mild,Normal/Mild,Normal/Mild,Normal/Mild,Normal/Mild,Normal/Mild,Normal/Mild,Normal/Mild,Normal/Mild,Normal/Mild,Normal/Mild,Normal/Mild
1050200728,Normal/Mild,Normal/Mild,Normal/Mild,Normal/Mild,Normal/Mild,Normal/Mild,Normal/Mild,Normal/Mild,Normal/Mild,Normal/Mild,Normal/Mild,Normal/Mild,Normal/Mild,Normal/Mild,Moderate,Normal/Mild,Normal/Mild,Normal/Mild,Normal/Mild,Normal/Mild,Normal/Mild,Normal/Mild,Normal/Mild,Normal/Mild,Normal/Mild
1082665764,Normal/Mild,Normal/Mild,Normal/Mild,Moderate,Normal/Mild,Normal/Mild,Normal/Mild,Normal/Mild,Moderate,Moderate,Normal/Mild,Normal/Mild,Normal/Mild,Moderate,Normal/Mild,Normal/Mild,Normal/Mild,Normal/Mild,Severe,Normal/Mild,Normal/Mild,Normal/Mild,Normal/Mild,Moderate,Normal/Mild
1087298370,Normal/Mild,Moderate,Moderate,Normal/Mild,Normal/Mild,Normal/Mild,Normal/Mild,Normal/Mild,Normal/Mild,Moderate,Normal/Mild,Normal/Mild,Moderate,Moderate,Normal/Mild,Moderate,Moderate,Moderate,Severe,Severe,Moderate,Moderate,Severe,Moderate,Normal/Mild
1106510276,Severe,Severe,Severe,Moderate,Normal/Mild,Normal/Mild,Normal/Mild,Normal/Mild,Normal/Mild,Normal/Mild,Normal/Mild,Normal/Mild,Normal/Mild,Normal/Mild,Moderate,Severe,Severe,Severe,Severe,Moderate,Normal/Mild,Normal/Mild,Normal/Mild,Moderate,Normal/Mild
1116588610,Normal/Mild,Normal/Mild,Normal/Mild,Normal/Mild,Normal/Mild,Normal/Mild,Normal/Mild,Normal/Mild,Normal/Mild,Normal/Mild,Normal/Mild,Normal/Mild,Normal/Mild,Normal/Mild,Normal/Mild,Normal/Mild,Normal/Mild,Normal/Mild,Moderate,Normal/Mild,Normal/Mild,Normal/Mild,Normal/Mild,Normal/Mild,Normal/Mild
1125872530,Normal/Mild,Normal/Mild,Normal/Mild,Normal/Mild,Normal/Mild,Normal/Mild,Normal/Mild,Normal/Mild,Moderate,Moderate,Normal/Mild,Normal/Mild,Normal/Mild,Normal/Mild,Moderate,,,Moderate,Severe,Moderate,,,Normal/Mild,Moderate,Moderate
1130460319,Normal/Mild,Normal/Mild,Normal/Mild,Normal/Mild,Normal/Mild,Normal/Mild,Normal/Mild,Normal/Mild,Normal/Mild,Normal/Mild,Severe,Normal/Mild,Normal/Mild,Moderate,Normal/Mild,Normal/Mild,Moderate,Moderate,Moderate,Moderate,Normal/Mild,Moderate,Normal/Mild,Normal/Mild,Normal/Mild
1132297038,Normal/Mild,Normal/Mild,Normal/Mild,Normal/Mild,Normal/Mild,Normal/Mild,Normal/Mild,Normal/Mild,Normal/Mild,Normal/Mild,Normal/Mild,Normal/Mild,Normal/Mild,Moderate,Normal/Mild,Normal/Mild,Normal/Mild,Normal/Mild,Normal/Mild,Normal/Mild,Normal/Mild,Normal/Mild,Normal/Mild,Normal/Mild,Normal/Mild
1142910752,Normal/Mild,Normal/Mild,Normal/Mild,Moderate,Normal/Mild,Normal/Mild,Normal/Mild,Normal/Mild,Severe,Severe,Normal/Mild,Normal/Mild,Normal/Mild,Moderate,Normal/Mild,Normal/Mild,Normal/Mild,Normal/Mild,Moderate,Moderate,Normal/Mild,Normal/Mild,Moderate,Moderate,Normal/Mild
1144816961,Normal/Mild,Normal/Mild,Normal/Mild,Normal/Mild,Normal/Mild,Normal/Mild,Normal/Mild,Normal/Mild,Moderate,Moderate,Normal/Mild,Normal/Mild,Normal/Mild,Normal/Mild,Normal/Mild,Normal/Mild,Normal/Mild,Normal/Mild,Normal/Mild,Normal/Mild,Normal/Mild,Normal/Mild,Normal/Mild,Normal/Mild,Normal/Mild
1153238977,Normal/Mild,Normal/Mild,Normal/Mild,Normal/Mild,Moderate,Normal/Mild,Normal/Mild,Moderate,Moderate,Severe,Normal/Mild,Normal/Mild,Moderate,Moderate,Severe,Normal/Mild,Normal/Mild,Normal/Mild,Normal/Mild,Moderate,Normal/Mild,Normal/Mild,Normal/Mild,Normal/Mild,Normal/Mild
1164861071,Normal/Mild,Normal/Mild,Normal/Mild,Normal/Mild,Normal/Mild,Normal/Mild,Normal/Mild,Normal/Mild,Normal/Mild,Normal/Mild,Normal/Mild,Normal/Mild,Normal/Mild,Normal/Mild,Normal/Mild,Normal/Mild,Normal/Mild,Normal/Mild,Normal/Mild,Normal/Mild,Normal/Mild,Normal/Mild,Normal/Mild,Moderate,Normal/Mild
1171797088,Normal/Mild,Normal/Mild,Normal/Mild,Normal/Mild,Normal/Mild,Normal/Mild,Normal/Mild,Normal/Mild,Moderate,Severe,Normal/Mild,Normal/Mild,Normal/Mild,Moderate,Moderate,Normal/Mild,Normal/Mild,Normal/Mild,Normal/Mild,Normal/Mild,Normal/Mild,Normal/Mild,Normal/Mild,Normal/Mild,Normal/Mild
1187463765,Normal/Mild,Normal/Mild,Normal/Mild,Moderate,Normal/Mild,Normal/Mild,Normal/Mild,Normal/Mild,Moderate,Moderate,Normal/Mild,Normal/Mild,Normal/Mild,Moderate,Moderate,,,Normal/Mild,Severe,Moderate,,,Normal/Mild,Severe,Normal/Mild
1190473557,Normal/Mild,Normal/Mild,Normal/Mild,Normal/Mild,Normal/Mild,Normal/Mild,Normal/Mild,Normal/Mild,Moderate,Moderate,Normal/Mild,Normal/Mild,Normal/Mild,Normal/Mild,Normal/Mild,Normal/Mild,Normal/Mild,Normal/Mild,Severe,Normal/Mild,Normal/Mild,Normal/Mild,Normal/Mild,Moderate,Normal/Mild
1212932624,Normal/Mild,Normal/Mild,Normal/Mild,Normal/Mild,Normal/Mild,Normal/Mild,Normal/Mild,Moderate,Normal/Mild,Severe,Normal/Mild,Moderate,Normal/Mild,Normal/Mild,Severe,Normal/Mild,Normal/Mild,Normal/Mild,Severe,Normal/Mild,Normal/Mild,Moderate,Moderate,Moderate,Severe
1215498865,Normal/Mild,Normal/Mild,Moderate,Normal/Mild,Normal/Mild,Normal/Mild,Moderate,Normal/Mild,Moderate,Normal/Mild,Normal/Mild,Normal/Mild,Normal/Mild,Normal/Mild,Normal/Mild,Normal/Mild,Normal/Mild,Normal/Mild,Normal/Mild,Normal/Mild,Normal/Mild,Moderate,Moderate,Moderate,Normal/Mild
1246626043,Normal/Mild,Normal/Mild,Normal/Mild,Moderate,Severe,Normal/Mild,Normal/Mild,Normal/Mild,Moderate,Severe,Normal/Mild,Normal/Mild,Moderate,Moderate,Severe,Normal/Mild,Normal/Mild,Moderate,Moderate,Severe,Normal/Mild,Normal/Mild,Normal/Mild,Moderate,Moderate
1246802434,Normal/Mild,Normal/Mild,Normal/Mild,Normal/Mild,Normal/Mild,Normal/Mild,Normal/Mild,Normal/Mild,Normal/Mild,Normal/Mild,Normal/Mild,Normal/Mild,Normal/Mild,Normal/Mild,Normal/Mild,Normal/Mild,Normal/Mild,Normal/Mild,Normal/Mild,Normal/Mild,Normal/Mild,Normal/Mild,Normal/Mild,Normal/Mild,Normal/Mild
1249823324,Normal/Mild,Normal/Mild,Normal/Mild,Normal/Mild,Normal/Mild,Normal/Mild,Normal/Mild,Moderate,Moderate,Normal/Mild,Normal/Mild,Normal/Mild,Normal/Mild,Normal/Mild,Normal/Mild,Normal/Mild,Normal/Mild,Normal/Mild,Moderate,Normal/Mild,Normal/Mild,Normal/Mild,Normal/Mild,Normal/Mild,Normal/Mild
1255232732,Normal/Mild,Normal/Mild,Normal/Mild,Normal/Mild,Normal/Mild,Normal/Mild,Normal/Mild,Normal/Mild,Normal/Mild,Normal/Mild,Normal/Mild,Normal/Mild,Normal/Mild,Normal/Mild,Normal/Mild,Normal/Mild,Normal/Mild,Normal/Mild,Normal/Mild,Normal/Mild,Normal/Mild,Normal/Mild,Normal/Mild,Normal/Mild,Normal/Mild
1266610368,Normal/Mild,Normal/Mild,Normal/Mild,Normal/Mild,Normal/Mild,Normal/Mild,Normal/Mild,Normal/Mild,Normal/Mild,Normal/Mild,Normal/Mild,Normal/Mild,Normal/Mild,Normal/Mild,Normal/Mild,Normal/Mild,Normal/Mild,Normal/Mild,Normal/Mild,Normal/Mild,Normal/Mild,Normal/Mild,Normal/Mild,Normal/Mild,Normal/Mild
1266853322,Normal/Mild,Normal/Mild,Normal/Mild,Normal/Mild,Normal/Mild,Normal/Mild,Normal/Mild,Normal/Mild,Normal/Mild,Normal/Mild,Normal/Mild,Normal/Mild,Normal/Mild,Normal/Mild,Normal/Mild,Normal/Mild,Normal/Mild,Normal/Mild,Normal/Mild,Normal/Mild,Normal/Mild,Normal/Mild,Normal/Mild,Moderate,Normal/Mild
1274237866,Normal/Mild,Normal/Mild,Moderate,Normal/Mild,Normal/Mild,Normal/Mild,Normal/Mild,Moderate,Moderate,Normal/Mild,Normal/Mild,Normal/Mild,Severe,Severe,Normal/Mild,Normal/Mild,Normal/Mild,Normal/Mild,Moderate,Normal/Mild,Normal/Mild,Normal/Mild,Severe,Moderate,Normal/Mild
1277947572,Normal/Mild,Normal/Mild,Normal/Mild,Normal/Mild,Normal/Mild,Normal/Mild,Normal/Mild,Normal/Mild,Normal/Mild,Normal/Mild,Normal/Mild,Normal/Mild,Moderate,Moderate,Moderate,Normal/Mild,Normal/Mild,Normal/Mild,Moderate,Normal/Mild,Normal/Mild,Normal/Mild,Normal/Mild,Normal/Mild,Normal/Mild
1292979992,Normal/Mild,Normal/Mild,Normal/Mild,Normal/Mild,Normal/Mild,Normal/Mild,Normal/Mild,Normal/Mild,Moderate,Moderate,Normal/Mild,Normal/Mild,Normal/Mild,Normal/Mild,Normal/Mild,,,Normal/Mild,Normal/Mild,Normal/Mild,,,Normal/Mild,Normal/Mild,Normal/Mild
1302048123,Normal/Mild,Normal/Mild,Normal/Mild,Severe,Severe,Normal/Mild,Normal/Mild,Normal/Mild,Moderate,Severe,Normal/Mild,Normal/Mild,Normal/Mild,Severe,Normal/Mild,Normal/Mild,Normal/Mild,Moderate,Severe,Moderate,Normal/Mild,Normal/Mild,Moderate,Severe,Normal/Mild
1314603564,Normal/Mild,Moderate,Normal/Mild,Severe,Moderate,Normal/Mild,Moderate,Severe,Severe,Normal/Mild,Severe,Moderate,Moderate,Moderate,Normal/Mild,Normal/Mild,Normal/Mild,Moderate,Severe,Normal/Mild,Normal/Mild,Normal/Mild,Severe,Severe,Severe
1324569502,Normal/Mild,Normal/Mild,Normal/Mild,Normal/Mild,Normal/Mild,Normal/Mild,Normal/Mild,Normal/Mild,Normal/Mild,Normal/Mild,Normal/Mild,Normal/Mild,Normal/Mild,Normal/Mild,Normal/Mild,Normal/Mild,Normal/Mild,Normal/Mild,Normal/Mild,Normal/Mild,Normal/Mild,Normal/Mild,Normal/Mild,Normal/Mild,Normal/Mild
1334624436,Normal/Mild,Normal/Mild,Normal/Mild,Moderate,Normal/Mild,Normal/Mild,Moderate,Moderate,Moderate,Normal/Mild,Normal/Mild,Normal/Mild,Normal/Mild,Moderate,Normal/Mild,Normal/Mild,Normal/Mild,Normal/Mild,Moderate,Normal/Mild,Normal/Mild,Severe,Normal/Mild,Moderate,Moderate
1336412861,Normal/Mild,Normal/Mild,Severe,Normal/Mild,Normal/Mild,Normal/Mild,Normal/Mild,Moderate,Moderate,Normal/Mild,Normal/Mild,Normal/Mild,Moderate,Moderate,Normal/Mild,Normal/Mild,Normal/Mild,Severe,Moderate,Normal/Mild,Normal/Mild,Normal/Mild,Severe,Severe,Normal/Mild
1344807906,Normal/Mild,Normal/Mild,Normal/Mild,Normal/Mild,Normal/Mild,Normal/Mild,Normal/Mild,Normal/Mild,Moderate,Normal/Mild,Normal/Mild,Normal/Mild,Normal/Mild,Moderate,Normal/Mild,Normal/Mild,Normal/Mild,Normal/Mild,Moderate,Normal/Mild,Normal/Mild,Normal/Mild,Normal/Mild,Moderate,Normal/Mild
1348555135,Normal/Mild,Normal/Mild,Normal/Mild,Normal/Mild,Normal/Mild,Normal/Mild,Moderate,Moderate,Moderate,Moderate,Normal/Mild,Moderate,Moderate,Moderate,Moderate,Moderate,Normal/Mild,Normal/Mild,Normal/Mild,Moderate,Normal/Mild,Normal/Mild,Normal/Mild,Normal/Mild,Normal/Mild
1353517692,Moderate,Normal/Mild,Normal/Mild,Moderate,Moderate,Moderate,Moderate,Moderate,Severe,Severe,Severe,Moderate,Moderate,Moderate,Severe,Normal/Mild,Normal/Mild,Moderate,Moderate,Severe,Severe,Severe,Moderate,Severe,Severe
1354411109,Moderate,Severe,Severe,Moderate,Normal/Mild,Moderate,Moderate,Moderate,Moderate,Moderate,Normal/Mild,Normal/Mild,Normal/Mild,Normal/Mild,Moderate,Moderate,Severe,Severe,Moderate,Normal/Mild,Moderate,Severe,Severe,Moderate,Normal/Mild
1367470327,Normal/Mild,Normal/Mild,Normal/Mild,Normal/Mild,Normal/Mild,Normal/Mild,Normal/Mild,Normal/Mild,Normal/Mild,Moderate,Normal/Mild,Normal/Mild,Normal/Mild,Normal/Mild,Moderate,Normal/Mild,Normal/Mild,Normal/Mild,Normal/Mild,Moderate,Normal/Mild,Normal/Mild,Normal/Mild,Normal/Mild,Normal/Mild
1375978793,Normal/Mild,Normal/Mild,Normal/Mild,Normal/Mild,Normal/Mild,Normal/Mild,Normal/Mild,Normal/Mild,Moderate,Normal/Mild,Normal/Mild,Normal/Mild,Moderate,Severe,Severe,Normal/Mild,Normal/Mild,Normal/Mild,Moderate,Severe,Normal/Mild,Normal/Mild,Moderate,Severe,Normal/Mild
1384039220,Normal/Mild,Normal/Mild,Normal/Mild,Normal/Mild,Normal/Mild,Normal/Mild,Normal/Mild,Normal/Mild,Normal/Mild,Normal/Mild,Normal/Mild,Normal/Mild,Normal/Mild,Normal/Mild,Normal/Mild,Normal/Mild,Normal/Mild,Normal/Mild,Moderate,Normal/Mild,Normal/Mild,Normal/Mild,Normal/Mild,Normal/Mild,Normal/Mild
1387631768,Normal/Mild,Normal/Mild,Moderate,Normal/Mild,Normal/Mild,Normal/Mild,Normal/Mild,Normal/Mild,Normal/Mild,Normal/Mild,Normal/Mild,Normal/Mild,Normal/Mild,Severe,Normal/Mild,Normal/Mild,Normal/Mild,Moderate,Severe,Moderate,Normal/Mild,Normal/Mild,Normal/Mild,Moderate,Normal/Mild
1388399428,Normal/Mild,Normal/Mild,Normal/Mild,Normal/Mild,Normal/Mild,Normal/Mild,Normal/Mild,Normal/Mild,Normal/Mild,Normal/Mild,Normal/Mild,Normal/Mild,Normal/Mild,Normal/Mild,Normal/Mild,Normal/Mild,Normal/Mild,Normal/Mild,Normal/Mild,Normal/Mild,Normal/Mild,Normal/Mild,Normal/Mild,Normal/Mild,Normal/Mild
1416584342,Normal/Mild,Normal/Mild,Normal/Mild,Normal/Mild,Normal/Mild,Normal/Mild,Normal/Mild,Normal/Mild,Normal/Mild,Normal/Mild,Normal/Mild,Normal/Mild,Normal/Mild,Moderate,Normal/Mild,Normal/Mild,Normal/Mild,Normal/Mild,Moderate,Normal/Mild,Normal/Mild,Normal/Mild,Normal/Mild,Severe,Normal/Mild
1417061937,Normal/Mild,Normal/Mild,Normal/Mild,Moderate,Normal/Mild,Normal/Mild,Normal/Mild,Normal/Mild,Moderate,Moderate,Normal/Mild,Normal/Mild,Normal/Mild,Moderate,Moderate,Normal/Mild,Normal/Mild,Moderate,Severe,Severe,Normal/Mild,Normal/Mild,Moderate,Severe,Normal/Mild
1419448504,Normal/Mild,Normal/Mild,Normal/Mild,Normal/Mild,Normal/Mild,Normal/Mild,Normal/Mild,Moderate,Moderate,Moderate,Normal/Mild,Normal/Mild,Normal/Mild,Normal/Mild,Normal/Mild,Normal/Mild,Normal/Mild,Normal/Mild,Moderate,Normal/Mild,Normal/Mild,Normal/Mild,Normal/Mild,Normal/Mild,Normal/Mild
1422523769,Moderate,Severe,Severe,Normal/Mild,Normal/Mild,Moderate,Moderate,Moderate,Normal/Mild,Normal/Mild,Normal/Mild,Normal/Mild,Normal/Mild,Normal/Mild,Moderate,,Severe,Severe,Moderate,Normal/Mild,,Severe,Severe,Moderate,Moderate
1429265968,Normal/Mild,Normal/Mild,Normal/Mild,Normal/Mild,Normal/Mild,Normal/Mild,Normal/Mild,Normal/Mild,Normal/Mild,Normal/Mild,Normal/Mild,Normal/Mild,Normal/Mild,Normal/Mild,Normal/Mild,Normal/Mild,Normal/Mild,Normal/Mild,Moderate,Normal/Mild,Normal/Mild,Normal/Mild,Normal/Mild,Normal/Mild,Normal/Mild
1435972903,Normal/Mild,Normal/Mild,Normal/Mild,Severe,Normal/Mild,Normal/Mild,Normal/Mild,Normal/Mild,Moderate,Normal/Mild,Normal/Mild,Normal/Mild,Normal/Mild,Moderate,Normal/Mild,Normal/Mild,Normal/Mild,Normal/Mild,Severe,Normal/Mild,Normal/Mild,Normal/Mild,Normal/Mild,Normal/Mild,Normal/Mild
1451886888,Normal/Mild,Normal/Mild,Normal/Mild,Normal/Mild,Normal/Mild,Normal/Mild,Normal/Mild,Normal/Mild,Normal/Mild,Severe,Normal/Mild,Normal/Mild,Normal/Mild,Normal/Mild,Normal/Mild,,Normal/Mild,Normal/Mild,Normal/Mild,Normal/Mild,,Normal/Mild,Normal/Mild,Normal/Mild,Normal/Mild
1452830936,Normal/Mild,Normal/Mild,Normal/Mild,Normal/Mild,Normal/Mild,Normal/Mild,Normal/Mild,Normal/Mild,Normal/Mild,Moderate,Normal/Mild,Normal/Mild,Normal/Mild,Normal/Mild,Normal/Mild,,Normal/Mild,Moderate,Normal/Mild,Normal/Mild,,Normal/Mild,Normal/Mild,Moderate,Moderate
1461368679,Normal/Mild,Normal/Mild,Moderate,Normal/Mild,Normal/Mild,Normal/Mild,Normal/Mild,Normal/Mild,Severe,Severe,Moderate,Moderate,Moderate,Moderate,Severe,Normal/Mild,Moderate,Severe,Moderate,Moderate,Normal/Mild,Moderate,Severe,Severe,Severe
1466255867,Normal/Mild,Normal/Mild,Severe,Moderate,Normal/Mild,Normal/Mild,Normal/Mild,Normal/Mild,Normal/Mild,Normal/Mild,Normal/Mild,Normal/Mild,Moderate,Moderate,Severe,Normal/Mild,Normal/Mild,Moderate,Severe,Normal/Mild,Normal/Mild,Normal/Mild,Moderate,Moderate,Normal/Mild
1476025556,Normal/Mild,Normal/Mild,Normal/Mild,Normal/Mild,Normal/Mild,Normal/Mild,Normal/Mild,Normal/Mild,Normal/Mild,Normal/Mild,Normal/Mild,Normal/Mild,Normal/Mild,Normal/Mild,Normal/Mild,Normal/Mild,Normal/Mild,Normal/Mild,Normal/Mild,Normal/Mild,Normal/Mild,Normal/Mild,Normal/Mild,Normal/Mild,Normal/Mild
1504031267,Normal/Mild,Normal/Mild,Normal/Mild,Normal/Mild,Normal/Mild,Normal/Mild,Normal/Mild,Moderate,Moderate,Moderate,Normal/Mild,Normal/Mild,Normal/Mild,Normal/Mild,Normal/Mild,Normal/Mild,Moderate,Moderate,Normal/Mild,Normal/Mild,Normal/Mild,Normal/Mild,Normal/Mild,Normal/Mild,Normal/Mild
1504634575,Normal/Mild,Normal/Mild,Normal/Mild,Normal/Mild,Normal/Mild,Normal/Mild,Normal/Mild,Normal/Mild,Normal/Mild,Normal/Mild,Normal/Mild,Normal/Mild,Normal/Mild,Normal/Mild,Normal/Mild,Normal/Mild,Normal/Mild,Normal/Mild,Normal/Mild,Normal/Mild,Normal/Mild,Normal/Mild,Moderate,Moderate,Normal/Mild
1504981676,Normal/Mild,Normal/Mild,Moderate,Severe,Normal/Mild,Normal/Mild,Normal/Mild,Moderate,Severe,Severe,Normal/Mild,Normal/Mild,Moderate,Moderate,Moderate,,Normal/Mild,Moderate,Moderate,Normal/Mild,,Normal/Mild,Moderate,Severe,Normal/Mild
1505795551,Normal/Mild,Normal/Mild,Normal/Mild,Normal/Mild,Normal/Mild,Normal/Mild,Normal/Mild,Normal/Mild,Moderate,Moderate,Normal/Mild,Normal/Mild,Normal/Mild,Normal/Mild,Moderate,Normal/Mild,Normal/Mild,Moderate,Severe,Moderate,Normal/Mild,Normal/Mild,Normal/Mild,Normal/Mild,Normal/Mild
1506063459,Normal/Mild,Normal/Mild,Normal/Mild,Normal/Mild,Normal/Mild,Normal/Mild,Normal/Mild,Normal/Mild,Normal/Mild,Normal/Mild,Normal/Mild,Normal/Mild,Normal/Mild,Normal/Mild,Normal/Mild,Normal/Mild,Normal/Mild,Normal/Mild,Normal/Mild,Normal/Mild,Normal/Mild,Normal/Mild,Normal/Mild,Normal/Mild,Normal/Mild
1525303131,Normal/Mild,Normal/Mild,Normal/Mild,Normal/Mild,Normal/Mild,Normal/Mild,Normal/Mild,Normal/Mild,Normal/Mild,Normal/Mild,Normal/Mild,Normal/Mild,Normal/Mild,Normal/Mild,Severe,Normal/Mild,Normal/Mild,Normal/Mild,Moderate,Severe,Normal/Mild,Normal/Mild,Normal/Mild,Moderate,Moderate
1529391466,Normal/Mild,Moderate,Severe,Severe,Normal/Mild,Normal/Mild,Moderate,Moderate,Moderate,Moderate,Normal/Mild,Moderate,Moderate,Moderate,Normal/Mild,Normal/Mild,Moderate,Severe,Severe,Severe,Normal/Mild,Moderate,Severe,Severe,Severe
1529405332,Normal/Mild,Normal/Mild,Moderate,Moderate,Normal/Mild,Normal/Mild,Moderate,Moderate,Moderate,Moderate,Normal/Mild,Normal/Mild,Moderate,Moderate,Normal/Mild,Normal/Mild,Severe,Severe,Severe,Severe,Normal/Mild,Normal/Mild,Moderate,Severe,Moderate
1531615123,Normal/Mild,Normal/Mild,Normal/Mild,Normal/Mild,Normal/Mild,Normal/Mild,Normal/Mild,Normal/Mild,Normal/Mild,Normal/Mild,Normal/Mild,Normal/Mild,Moderate,Normal/Mild,Normal/Mild,Normal/Mild,Normal/Mild,Normal/Mild,Moderate,Normal/Mild,Normal/Mild,Normal/Mild,Moderate,Moderate,Normal/Mild
1548005561,Moderate,Moderate,Severe,Severe,Normal/Mild,Moderate,Moderate,Moderate,Moderate,Normal/Mild,Normal/Mild,Normal/Mild,Normal/Mild,Moderate,Normal/Mild,Normal/Mild,Normal/Mild,Moderate,Severe,Normal/Mild,Severe,Severe,Severe,Severe,Normal/Mild
1556537670,Normal/Mild,Normal/Mild,Normal/Mild,Normal/Mild,Normal/Mild,Normal/Mild,Normal/Mild,Normal/Mild,Normal/Mild,Normal/Mild,Normal/Mild,Normal/Mild,Moderate,Moderate,Normal/Mild,Normal/Mild,Normal/Mild,Normal/Mild,Normal/Mild,Normal/Mild,Normal/Mild,Normal/Mild,Normal/Mild,Normal/Mild,Normal/Mild
1558814835,Normal/Mild,Normal/Mild,Normal/Mild,Normal/Mild,Normal/Mild,Normal/Mild,Normal/Mild,Normal/Mild,Normal/Mild,Severe,Normal/Mild,Normal/Mild,Normal/Mild,Normal/Mild,Moderate,Normal/Mild,Normal/Mild,Normal/Mild,Normal/Mild,Normal/Mild,Normal/Mild,Normal/Mild,Normal/Mild,Normal/Mild,Moderate
1576224571,Normal/Mild,Normal/Mild,Normal/Mild,Normal/Mild,Normal/Mild,Normal/Mild,Normal/Mild,Normal/Mild,Normal/Mild,Normal/Mild,Normal/Mild,Normal/Mild,Normal/Mild,Moderate,Normal/Mild,Normal/Mild,Normal/Mild,Normal/Mild,Moderate,Normal/Mild,Normal/Mild,Normal/Mild,Normal/Mild,Normal/Mild,Moderate
1616262169,Normal/Mild,Normal/Mild,Normal/Mild,Normal/Mild,Normal/Mild,Normal/Mild,Normal/Mild,Normal/Mild,Normal/Mild,Normal/Mild,Normal/Mild,Normal/Mild,Moderate,Moderate,Severe,Normal/Mild,Normal/Mild,Normal/Mild,Moderate,Normal/Mild,Normal/Mild,Normal/Mild,Normal/Mild,Normal/Mild,Normal/Mild
1637355643,Normal/Mild,Normal/Mild,Moderate,Moderate,Normal/Mild,Normal/Mild,Moderate,Moderate,Severe,Moderate,Normal/Mild,Normal/Mild,Severe,Moderate,Moderate,Normal/Mild,Normal/Mild,Moderate,Moderate,Normal/Mild,Normal/Mild,Normal/Mild,Severe,Severe,Normal/Mild
1644309505,Normal/Mild,Normal/Mild,Normal/Mild,Normal/Mild,Normal/Mild,Normal/Mild,Normal/Mild,Normal/Mild,Normal/Mild,Normal/Mild,Normal/Mild,Normal/Mild,Normal/Mild,Normal/Mild,Normal/Mild,Normal/Mild,Normal/Mild,Normal/Mild,Normal/Mild,Normal/Mild,Normal/Mild,Normal/Mild,Normal/Mild,Normal/Mild,Normal/Mild
1644861124,Normal/Mild,Normal/Mild,Normal/Mild,Normal/Mild,Normal/Mild,Normal/Mild,Normal/Mild,Normal/Mild,Normal/Mild,Normal/Mild,Normal/Mild,Normal/Mild,Normal/Mild,Normal/Mild,Normal/Mild,Normal/Mild,Normal/Mild,Normal/Mild,Moderate,Normal/Mild,Normal/Mild,Normal/Mild,Normal/Mild,Normal/Mild,Normal/Mild
1646440651,Normal/Mild,Normal/Mild,Normal/Mild,Normal/Mild,Normal/Mild,Normal/Mild,Normal/Mild,Normal/Mild,Normal/Mild,Normal/Mild,Normal/Mild,Normal/Mild,Normal/Mild,Normal/Mild,Normal/Mild,Normal/Mild,Normal/Mild,Normal/Mild,Normal/Mild,Normal/Mild,Normal/Mild,Normal/Mild,Normal/Mild,Normal/Mild,Normal/Mild
1647658981,Normal/Mild,Normal/Mild,Normal/Mild,Normal/Mild,Normal/Mild,Normal/Mild,Normal/Mild,Normal/Mild,Moderate,Moderate,Normal/Mild,Normal/Mild,Normal/Mild,Normal/Mild,Normal/Mild,Normal/Mild,Normal/Mild,Normal/Mild,Moderate,Normal/Mild,Normal/Mild,Normal/Mild,Normal/Mild,Normal/Mild,Normal/Mild
1650340034,Normal/Mild,Normal/Mild,Moderate,Severe,Normal/Mild,Normal/Mild,Normal/Mild,Normal/Mild,Normal/Mild,Normal/Mild,Normal/Mild,Normal/Mild,Normal/Mild,Normal/Mild,Normal/Mild,,Moderate,Moderate,Severe,,,Normal/Mild,Normal/Mild,Severe,
1658344327,Normal/Mild,Normal/Mild,Normal/Mild,Normal/Mild,Normal/Mild,Normal/Mild,Moderate,Moderate,Moderate,Moderate,Normal/Mild,Normal/Mild,Normal/Mild,Moderate,Moderate,Normal/Mild,Moderate,Moderate,Severe,Moderate,Normal/Mild,Normal/Mild,Moderate,Severe,Moderate
1664215995,Moderate,Normal/Mild,Normal/Mild,Normal/Mild,Normal/Mild,Normal/Mild,Normal/Mild,Severe,Severe,Normal/Mild,Moderate,Moderate,Normal/Mild,Normal/Mild,Normal/Mild,Normal/Mild,Normal/Mild,Severe,Severe,Normal/Mild,Moderate,Normal/Mild,Moderate,Normal/Mild,Normal/Mild
1666601651,Normal/Mild,Normal/Mild,Normal/Mild,Severe,Moderate,Moderate,Normal/Mild,Moderate,Moderate,Moderate,Severe,Normal/Mild,Moderate,Moderate,Severe,Normal/Mild,Normal/Mild,Moderate,Moderate,Severe,Moderate,Normal/Mild,Normal/Mild,Moderate,Moderate
1670552101,Normal/Mild,Normal/Mild,Normal/Mild,Normal/Mild,Normal/Mild,Normal/Mild,Normal/Mild,Moderate,Severe,Moderate,Severe,Normal/Mild,Normal/Mild,Normal/Mild,Severe,Normal/Mild,Moderate,Moderate,Moderate,Normal/Mild,Moderate,Normal/Mild,Moderate,Normal/Mild,Moderate
1671676307,Normal/Mild,Normal/Mild,Normal/Mild,Normal/Mild,Normal/Mild,Normal/Mild,Normal/Mild,Normal/Mild,Normal/Mild,Normal/Mild,Moderate,Normal/Mild,Moderate,Severe,Severe,Severe,Normal/Mild,Moderate,Moderate,,Moderate,Normal/Mild,Moderate,Moderate,
1678045823,Normal/Mild,Normal/Mild,Normal/Mild,Moderate,Normal/Mild,Normal/Mild,Normal/Mild,Normal/Mild,Moderate,Moderate,Normal/Mild,Normal/Mild,Normal/Mild,Moderate,Severe,,Normal/Mild,Moderate,Severe,Normal/Mild,,Normal/Mild,Normal/Mild,Severe,Normal/Mild
1690291272,Normal/Mild,Normal/Mild,Normal/Mild,Normal/Mild,Normal/Mild,Normal/Mild,Moderate,Moderate,Moderate,Normal/Mild,Normal/Mild,Normal/Mild,Normal/Mild,Normal/Mild,Moderate,Normal/Mild,Normal/Mild,Normal/Mild,Normal/Mild,Normal/Mild,Normal/Mild,Normal/Mild,Normal/Mild,Normal/Mild,Normal/Mild
1698156042,Normal/Mild,Moderate,Normal/Mild,Normal/Mild,Normal/Mild,Normal/Mild,Normal/Mild,Normal/Mild,Normal/Mild,Severe,Normal/Mild,Normal/Mild,Normal/Mild,Moderate,Normal/Mild,,Normal/Mild,Normal/Mild,Normal/Mild,Normal/Mild,,Moderate,Moderate,Moderate,Normal/Mild
1703545013,Normal/Mild,Normal/Mild,Severe,Severe,Severe,Normal/Mild,Normal/Mild,Normal/Mild,Moderate,Moderate,Normal/Mild,Moderate,Moderate,Normal/Mild,Normal/Mild,Normal/Mild,Normal/Mild,Moderate,Moderate,Severe,Normal/Mild,Severe,Severe,Moderate,Severe
1746166687,Normal/Mild,Normal/Mild,Normal/Mild,Severe,Normal/Mild,Normal/Mild,Normal/Mild,Normal/Mild,Moderate,Moderate,Normal/Mild,Normal/Mild,Normal/Mild,Normal/Mild,Normal/Mild,Normal/Mild,Normal/Mild,Normal/Mild,Moderate,Moderate,Normal/Mild,Normal/Mild,Normal/Mild,Moderate,Normal/Mild
1748705434,Normal/Mild,Moderate,Moderate,Normal/Mild,Normal/Mild,Normal/Mild,Severe,Severe,Moderate,Moderate,Normal/Mild,Moderate,Severe,Moderate,Severe,Normal/Mild,Severe,Severe,Severe,Moderate,Normal/Mild,Moderate,Normal/Mild,Moderate,Normal/Mild
1753007204,Normal/Mild,Normal/Mild,Normal/Mild,Normal/Mild,Normal/Mild,Normal/Mild,Normal/Mild,Normal/Mild,Normal/Mild,Normal/Mild,Normal/Mild,Normal/Mild,Normal/Mild,Moderate,Moderate,Normal/Mild,Normal/Mild,Normal/Mild,Normal/Mild,Normal/Mild,Normal/Mild,Normal/Mild,Normal/Mild,Normal/Mild,Normal/Mild
1774588202,Normal/Mild,Normal/Mild,Normal/Mild,Normal/Mild,Normal/Mild,Normal/Mild,Normal/Mild,Moderate,Normal/Mild,Normal/Mild,Normal/Mild,Normal/Mild,Normal/Mild,Normal/Mild,Severe,Normal/Mild,Normal/Mild,Normal/Mild,Normal/Mild,Normal/Mild,Normal/Mild,Normal/Mild,Normal/Mild,Moderate,Moderate
1777645381,Normal/Mild,Normal/Mild,Normal/Mild,Normal/Mild,Normal/Mild,Normal/Mild,Normal/Mild,Normal/Mild,Normal/Mild,Moderate,Normal/Mild,Normal/Mild,Normal/Mild,Normal/Mild,Moderate,Normal/Mild,Normal/Mild,Moderate,Normal/Mild,Normal/Mild,Normal/Mild,Normal/Mild,Normal/Mild,Normal/Mild,Normal/Mild
1778251850,Normal/Mild,Normal/Mild,Normal/Mild,Normal/Mild,Normal/Mild,Normal/Mild,Normal/Mild,Normal/Mild,Normal/Mild,Normal/Mild,Normal/Mild,Normal/Mild,Normal/Mild,Normal/Mild,Normal/Mild,Normal/Mild,Normal/Mild,Normal/Mild,Moderate,Normal/Mild,Normal/Mild,Moderate,Moderate,Moderate,Normal/Mild
1782095928,Normal/Mild,Normal/Mild,Normal/Mild,Normal/Mild,Normal/Mild,Normal/Mild,Normal/Mild,Moderate,Moderate,Moderate,Normal/Mild,Normal/Mild,Normal/Mild,Normal/Mild,Normal/Mild,Normal/Mild,Normal/Mild,Normal/Mild,Moderate,Normal/Mild,Normal/Mild,Normal/Mild,Normal/Mild,Normal/Mild,Moderate
1785782006,Normal/Mild,Normal/Mild,Normal/Mild,Normal/Mild,Normal/Mild,Normal/Mild,Normal/Mild,Normal/Mild,Normal/Mild,Normal/Mild,Normal/Mild,Normal/Mild,Normal/Mild,Normal/Mild,Normal/Mild,Normal/Mild,Normal/Mild,Normal/Mild,Moderate,Moderate,Normal/Mild,Normal/Mild,Normal/Mild,Normal/Mild,Moderate
1796029449,Normal/Mild,Normal/Mild,Normal/Mild,Normal/Mild,Normal/Mild,Normal/Mild,Normal/Mild,Normal/Mild,Normal/Mild,Normal/Mild,Normal/Mild,Normal/Mild,Normal/Mild,Normal/Mild,Normal/Mild,Normal/Mild,Normal/Mild,Normal/Mild,Normal/Mild,Normal/Mild,Normal/Mild,Normal/Mild,Normal/Mild,Normal/Mild,Normal/Mild
1820866003,Normal/Mild,Normal/Mild,Normal/Mild,Normal/Mild,Normal/Mild,Normal/Mild,Normal/Mild,Normal/Mild,Normal/Mild,Normal/Mild,Normal/Mild,Moderate,Moderate,Normal/Mild,Normal/Mild,Normal/Mild,Normal/Mild,Moderate,Normal/Mild,Normal/Mild,Normal/Mild,Normal/Mild,Moderate,Severe,Normal/Mild
1855454452,Normal/Mild,Normal/Mild,Severe,Severe,Normal/Mild,Normal/Mild,Normal/Mild,Moderate,Severe,Moderate,Normal/Mild,Normal/Mild,Normal/Mild,Normal/Mild,Moderate,Normal/Mild,Normal/Mild,Severe,Severe,Normal/Mild,Normal/Mild,Normal/Mild,Moderate,Moderate,Normal/Mild
1871675162,Normal/Mild,Normal/Mild,Normal/Mild,Moderate,Normal/Mild,Normal/Mild,Normal/Mild,Moderate,Moderate,Moderate,Normal/Mild,Normal/Mild,Moderate,Severe,Severe,Severe,Severe,Moderate,Severe,Severe,Normal/Mild,Normal/Mild,Moderate,Severe,Moderate
1892507886,Normal/Mild,Moderate,Normal/Mild,Severe,Normal/Mild,Normal/Mild,Normal/Mild,Moderate,Severe,Moderate,Normal/Mild,Severe,Moderate,Severe,Moderate,Normal/Mild,Normal/Mild,Normal/Mild,Severe,Moderate,Moderate,Normal/Mild,Moderate,Severe,Moderate
1902377008,Normal/Mild,Normal/Mild,Normal/Mild,Severe,Severe,Normal/Mild,Normal/Mild,Normal/Mild,Normal/Mild,Normal/Mild,Normal/Mild,Normal/Mild,Normal/Mild,Normal/Mild,Normal/Mild,Normal/Mild,Normal/Mild,Moderate,Moderate,Normal/Mild,Normal/Mild,Normal/Mild,Normal/Mild,Severe,Severe
1904225580,Normal/Mild,Normal/Mild,Normal/Mild,Normal/Mild,Normal/Mild,Normal/Mild,Normal/Mild,Normal/Mild,Normal/Mild,Normal/Mild,Normal/Mild,Normal/Mild,Normal/Mild,Severe,Normal/Mild,Normal/Mild,Normal/Mild,Normal/Mild,Moderate,Normal/Mild,Normal/Mild,Normal/Mild,Moderate,Moderate,Normal/Mild
1908262013,Normal/Mild,Normal/Mild,Normal/Mild,Normal/Mild,Normal/Mild,Normal/Mild,Normal/Mild,Normal/Mild,Moderate,Moderate,Normal/Mild,Normal/Mild,Normal/Mild,Normal/Mild,Normal/Mild,Normal/Mild,Normal/Mild,Normal/Mild,Normal/Mild,Normal/Mild,Normal/Mild,Normal/Mild,Normal/Mild,Moderate,Normal/Mild
1936447237,Normal/Mild,Normal/Mild,Normal/Mild,Severe,Normal/Mild,Normal/Mild,Normal/Mild,Normal/Mild,Severe,Normal/Mild,Normal/Mild,Moderate,Normal/Mild,Moderate,Normal/Mild,Normal/Mild,Normal/Mild,Moderate,Severe,Moderate,Normal/Mild,Moderate,Normal/Mild,Moderate,Moderate
1956588335,Normal/Mild,Normal/Mild,Normal/Mild,Normal/Mild,Normal/Mild,Normal/Mild,Normal/Mild,Normal/Mild,Moderate,Severe,Normal/Mild,Normal/Mild,Normal/Mild,Normal/Mild,Normal/Mild,,,Normal/Mild,Moderate,Normal/Mild,,,Normal/Mild,Moderate,Normal/Mild
1976417363,Normal/Mild,Normal/Mild,Normal/Mild,Moderate,Normal/Mild,Normal/Mild,Normal/Mild,Normal/Mild,Moderate,Moderate,Moderate,Moderate,Normal/Mild,Moderate,Severe,Moderate,Moderate,Moderate,Severe,Severe,Moderate,Normal/Mild,Moderate,Severe,Moderate
1977702758,Normal/Mild,Normal/Mild,Normal/Mild,Normal/Mild,Normal/Mild,Normal/Mild,Normal/Mild,Normal/Mild,Normal/Mild,Normal/Mild,Normal/Mild,Normal/Mild,Moderate,Moderate,Moderate,Normal/Mild,Normal/Mild,Moderate,Severe,Normal/Mild,Normal/Mild,Moderate,Normal/Mild,Moderate,Normal/Mild
1985516615,Normal/Mild,Normal/Mild,Moderate,Severe,Severe,Normal/Mild,Normal/Mild,Normal/Mild,Moderate,Moderate,Normal/Mild,Normal/Mild,Moderate,Severe,Normal/Mild,Moderate,Moderate,Normal/Mild,Severe,Normal/Mild,Normal/Mild,Normal/Mild,Normal/Mild,Severe,Severe
1995123254,Normal/Mild,Normal/Mild,Normal/Mild,Normal/Mild,Normal/Mild,Normal/Mild,Normal/Mild,Normal/Mild,Normal/Mild,Normal/Mild,Normal/Mild,Normal/Mild,Normal/Mild,Normal/Mild,Normal/Mild,,Normal/Mild,Normal/Mild,Normal/Mild,Normal/Mild,,Normal/Mild,Normal/Mild,Normal/Mild,Normal/Mild
2006700205,Normal/Mild,Normal/Mild,Normal/Mild,Normal/Mild,Normal/Mild,Normal/Mild,Normal/Mild,Normal/Mild,Normal/Mild,Normal/Mild,Normal/Mild,Normal/Mild,Moderate,Moderate,Severe,Normal/Mild,Moderate,Normal/Mild,Severe,Normal/Mild,Normal/Mild,Moderate,Normal/Mild,Normal/Mild,Moderate
2015704745,Normal/Mild,Normal/Mild,Normal/Mild,Normal/Mild,Normal/Mild,Normal/Mild,Normal/Mild,Normal/Mild,Normal/Mild,Normal/Mild,Normal/Mild,Normal/Mild,Normal/Mild,Normal/Mild,Normal/Mild,Normal/Mild,Normal/Mild,Moderate,Normal/Mild,Moderate,Normal/Mild,Normal/Mild,Normal/Mild,Moderate,Normal/Mild
2020252446,Normal/Mild,Normal/Mild,Normal/Mild,Normal/Mild,Normal/Mild,Normal/Mild,Normal/Mild,Normal/Mild,Normal/Mild,Normal/Mild,Normal/Mild,Normal/Mild,Normal/Mild,Normal/Mild,Moderate,Normal/Mild,Normal/Mild,Normal/Mild,Normal/Mild,Normal/Mild,Normal/Mild,Normal/Mild,Normal/Mild,Normal/Mild,Normal/Mild
2022619830,Normal/Mild,Normal/Mild,Normal/Mild,Normal/Mild,Normal/Mild,Normal/Mild,Normal/Mild,Normal/Mild,Moderate,Moderate,Normal/Mild,Normal/Mild,Normal/Mild,Normal/Mild,Moderate,Normal/Mild,Normal/Mild,Normal/Mild,Moderate,Normal/Mild,Normal/Mild,Normal/Mild,Normal/Mild,Normal/Mild,Normal/Mild
2026891078,Normal/Mild,Normal/Mild,Normal/Mild,Normal/Mild,Normal/Mild,Normal/Mild,Moderate,Severe,Severe,Normal/Mild,Normal/Mild,Normal/Mild,Moderate,Moderate,Normal/Mild,Normal/Mild,Moderate,Moderate,Severe,Normal/Mild,Normal/Mild,Normal/Mild,Normal/Mild,Normal/Mild,Normal/Mild
2036377567,Normal/Mild,Normal/Mild,Normal/Mild,Normal/Mild,Normal/Mild,Normal/Mild,Normal/Mild,Normal/Mild,Moderate,Normal/Mild,Normal/Mild,Normal/Mild,Moderate,Normal/Mild,Normal/Mild,Normal/Mild,Moderate,Moderate,Moderate,Normal/Mild,Normal/Mild,Normal/Mild,Moderate,Normal/Mild,Normal/Mild
2046176090,Severe,Severe,Severe,Moderate,Normal/Mild,Normal/Mild,Moderate,Moderate,Normal/Mild,Moderate,Moderate,Moderate,Moderate,Moderate,Severe,Moderate,Severe,Severe,Severe,Moderate,Moderate,Moderate,Moderate,Moderate,Moderate
2048265504,Normal/Mild,Normal/Mild,Normal/Mild,Normal/Mild,Normal/Mild,Normal/Mild,Normal/Mild,Moderate,Moderate,Normal/Mild,Normal/Mild,Normal/Mild,Moderate,Moderate,Normal/Mild,Normal/Mild,Normal/Mild,Normal/Mild,,,Normal/Mild,Normal/Mild,Normal/Mild,,
2053213309,Normal/Mild,Normal/Mild,Normal/Mild,Normal/Mild,Normal/Mild,Normal/Mild,Normal/Mild,Normal/Mild,Normal/Mild,Severe,Normal/Mild,Normal/Mild,Normal/Mild,Normal/Mild,Normal/Mild,Normal/Mild,Normal/Mild,Normal/Mild,Normal/Mild,Moderate,Normal/Mild,Normal/Mild,Normal/Mild,Moderate,Moderate
2056309275,Normal/Mild,Normal/Mild,Normal/Mild,Normal/Mild,Normal/Mild,Normal/Mild,Normal/Mild,Normal/Mild,Normal/Mild,Normal/Mild,Normal/Mild,Normal/Mild,Normal/Mild,Normal/Mild,Normal/Mild,Normal/Mild,Normal/Mild,Normal/Mild,Normal/Mild,Normal/Mild,Normal/Mild,Normal/Mild,Normal/Mild,Normal/Mild,Normal/Mild
2059107661,Severe,Normal/Mild,Moderate,Severe,Normal/Mild,Moderate,Moderate,Moderate,Severe,Severe,Severe,Normal/Mild,Moderate,Severe,Severe,Severe,Moderate,Severe,Severe,Normal/Mild,Severe,Normal/Mild,Severe,Severe,Moderate
2066619590,Normal/Mild,Normal/Mild,Normal/Mild,Normal/Mild,Normal/Mild,Normal/Mild,Normal/Mild,Normal/Mild,Normal/Mild,Moderate,Normal/Mild,Normal/Mild,Normal/Mild,Normal/Mild,Normal/Mild,Normal/Mild,Normal/Mild,Normal/Mild,Normal/Mild,Normal/Mild,Normal/Mild,Normal/Mild,Normal/Mild,Moderate,Moderate
2072240933,Normal/Mild,Normal/Mild,Normal/Mild,Normal/Mild,Normal/Mild,Normal/Mild,Normal/Mild,Normal/Mild,Moderate,Normal/Mild,Normal/Mild,Normal/Mild,Normal/Mild,Moderate,Normal/Mild,Normal/Mild,Normal/Mild,Moderate,Normal/Mild,Normal/Mild,Normal/Mild,Normal/Mild,Normal/Mild,Normal/Mild,Normal/Mild
2080571489,Normal/Mild,Normal/Mild,Normal/Mild,Normal/Mild,Normal/Mild,Normal/Mild,Normal/Mild,Normal/Mild,Normal/Mild,Normal/Mild,Normal/Mild,Normal/Mild,Normal/Mild,Normal/Mild,Moderate,Normal/Mild,Normal/Mild,Normal/Mild,Moderate,Normal/Mild,Normal/Mild,Normal/Mild,Normal/Mild,Moderate,Normal/Mild
2085508136,Normal/Mild,Normal/Mild,Normal/Mild,Normal/Mild,Normal/Mild,Normal/Mild,Normal/Mild,Normal/Mild,Moderate,Normal/Mild,Normal/Mild,Normal/Mild,Normal/Mild,Normal/Mild,Normal/Mild,Normal/Mild,Normal/Mild,Moderate,Normal/Mild,Moderate,Normal/Mild,Normal/Mild,Moderate,Moderate,Normal/Mild
2097856420,Normal/Mild,Normal/Mild,Normal/Mild,Severe,Normal/Mild,Normal/Mild,Moderate,Severe,Severe,Moderate,Normal/Mild,Moderate,Moderate,Severe,Severe,Normal/Mild,Moderate,Moderate,Severe,Moderate,Normal/Mild,Normal/Mild,Moderate,Severe,Severe
2133270441,Normal/Mild,Normal/Mild,Normal/Mild,Normal/Mild,Normal/Mild,Normal/Mild,Normal/Mild,Normal/Mild,Normal/Mild,Normal/Mild,Normal/Mild,Normal/Mild,Normal/Mild,Normal/Mild,Normal/Mild,Normal/Mild,Normal/Mild,Normal/Mild,Normal/Mild,Normal/Mild,Normal/Mild,Normal/Mild,Normal/Mild,Normal/Mild,Normal/Mild
2135829458,Normal/Mild,Normal/Mild,Normal/Mild,Normal/Mild,Normal/Mild,Normal/Mild,Normal/Mild,Normal/Mild,Normal/Mild,Severe,Normal/Mild,Normal/Mild,Normal/Mild,Normal/Mild,Moderate,Normal/Mild,Normal/Mild,Normal/Mild,Normal/Mild,Normal/Mild,Normal/Mild,Normal/Mild,Normal/Mild,Moderate,Moderate
2135844815,Normal/Mild,Normal/Mild,Normal/Mild,Normal/Mild,Normal/Mild,Normal/Mild,Moderate,Normal/Mild,Moderate,Normal/Mild,Normal/Mild,Normal/Mild,Normal/Mild,Moderate,Normal/Mild,Normal/Mild,Normal/Mild,Normal/Mild,Normal/Mild,Normal/Mild,Normal/Mild,Normal/Mild,Normal/Mild,Moderate,Normal/Mild
2141458217,Normal/Mild,Normal/Mild,Normal/Mild,Normal/Mild,Normal/Mild,Normal/Mild,Normal/Mild,Normal/Mild,Moderate,Severe,Normal/Mild,Normal/Mild,Normal/Mild,Normal/Mild,Moderate,Normal/Mild,Normal/Mild,Moderate,Moderate,Normal/Mild,Normal/Mild,Normal/Mild,Normal/Mild,Normal/Mild,Moderate
2149501488,Normal/Mild,Normal/Mild,Normal/Mild,Normal/Mild,Normal/Mild,Normal/Mild,Normal/Mild,Normal/Mild,Normal/Mild,Normal/Mild,Normal/Mild,Normal/Mild,Normal/Mild,Normal/Mild,Normal/Mild,Normal/Mild,Normal/Mild,Normal/Mild,Moderate,Normal/Mild,Normal/Mild,Normal/Mild,Normal/Mild,Moderate,Normal/Mild
2171820085,Normal/Mild,Normal/Mild,Normal/Mild,Normal/Mild,Normal/Mild,Normal/Mild,Normal/Mild,Normal/Mild,Normal/Mild,Normal/Mild,Normal/Mild,Normal/Mild,Normal/Mild,Normal/Mild,Normal/Mild,Normal/Mild,Normal/Mild,Moderate,Moderate,Normal/Mild,Normal/Mild,Normal/Mild,Normal/Mild,Normal/Mild,Normal/Mild
2172940318,Normal/Mild,Normal/Mild,Normal/Mild,Normal/Mild,Normal/Mild,Normal/Mild,Normal/Mild,Normal/Mild,Normal/Mild,Normal/Mild,Normal/Mild,Normal/Mild,Normal/Mild,Normal/Mild,Normal/Mild,Normal/Mild,Normal/Mild,Normal/Mild,Normal/Mild,Normal/Mild,Normal/Mild,Normal/Mild,Normal/Mild,Normal/Mild,Normal/Mild
2178791963,Normal/Mild,Normal/Mild,Moderate,Normal/Mild,Normal/Mild,Normal/Mild,Normal/Mild,Normal/Mild,Moderate,Moderate,Normal/Mild,Normal/Mild,Normal/Mild,Normal/Mild,Moderate,Normal/Mild,Normal/Mild,Moderate,Normal/Mild,Normal/Mild,Normal/Mild,Normal/Mild,Moderate,Normal/Mild,Moderate
2186343259,Normal/Mild,Normal/Mild,Normal/Mild,Moderate,Normal/Mild,Normal/Mild,Normal/Mild,Normal/Mild,Normal/Mild,Normal/Mild,Normal/Mild,Normal/Mild,Normal/Mild,Normal/Mild,Normal/Mild,Normal/Mild,Normal/Mild,Normal/Mild,Moderate,Severe,Normal/Mild,Normal/Mild,Normal/Mild,Moderate,Moderate
2203943775,Normal/Mild,Normal/Mild,Normal/Mild,Normal/Mild,Normal/Mild,Normal/Mild,Normal/Mild,Moderate,Normal/Mild,Normal/Mild,Normal/Mild,Normal/Mild,Normal/Mild,Moderate,Normal/Mild,Normal/Mild,Normal/Mild,Moderate,Normal/Mild,Moderate,Normal/Mild,Normal/Mild,Moderate,Moderate,Moderate
2221449368,Normal/Mild,Normal/Mild,Severe,Normal/Mild,Normal/Mild,Normal/Mild,Normal/Mild,Normal/Mild,Normal/Mild,Moderate,Normal/Mild,Normal/Mild,Normal/Mild,Moderate,Normal/Mild,Normal/Mild,Moderate,Severe,Severe,Severe,Normal/Mild,Moderate,Moderate,Moderate,Severe
2232112217,Normal/Mild,Normal/Mild,Normal/Mild,Normal/Mild,Normal/Mild,Normal/Mild,Normal/Mild,Normal/Mild,Normal/Mild,Normal/Mild,Normal/Mild,Normal/Mild,Normal/Mild,Normal/Mild,Normal/Mild,Normal/Mild,Normal/Mild,Normal/Mild,Normal/Mild,Normal/Mild,Normal/Mild,Normal/Mild,Normal/Mild,Moderate,Normal/Mild
2239199413,Normal/Mild,Normal/Mild,Normal/Mild,Moderate,Normal/Mild,Normal/Mild,Normal/Mild,Moderate,Normal/Mild,Normal/Mild,Moderate,Moderate,Moderate,Moderate,Moderate,,,Normal/Mild,Severe,Moderate,,,Normal/Mild,Severe,Severe
2241283141,Normal/Mild,Normal/Mild,Normal/Mild,Normal/Mild,Normal/Mild,Normal/Mild,Normal/Mild,Normal/Mild,Normal/Mild,Normal/Mild,Normal/Mild,Normal/Mild,Normal/Mild,Moderate,Severe,Normal/Mild,Moderate,Moderate,Severe,Normal/Mild,Normal/Mild,Normal/Mild,Normal/Mild,Moderate,Normal/Mild
2243946963,Normal/Mild,Normal/Mild,Normal/Mild,Normal/Mild,Normal/Mild,Normal/Mild,Normal/Mild,Normal/Mild,Normal/Mild,Moderate,Normal/Mild,Normal/Mild,Normal/Mild,Moderate,Normal/Mild,Normal/Mild,Normal/Mild,Normal/Mild,Normal/Mild,Moderate,Normal/Mild,Moderate,Normal/Mild,Normal/Mild,Normal/Mild
2247118504,Normal/Mild,Normal/Mild,Normal/Mild,Normal/Mild,Normal/Mild,Normal/Mild,Normal/Mild,Normal/Mild,Normal/Mild,Normal/Mild,Normal/Mild,Normal/Mild,Normal/Mild,Normal/Mild,Normal/Mild,Normal/Mild,Normal/Mild,Normal/Mild,Normal/Mild,Moderate,Normal/Mild,Normal/Mild,Normal/Mild,Normal/Mild,Normal/Mild
2255930443,Normal/Mild,Moderate,Normal/Mild,Normal/Mild,Normal/Mild,Normal/Mild,Moderate,Moderate,Moderate,Normal/Mild,Normal/Mild,Severe,Normal/Mild,Normal/Mild,Normal/Mild,Normal/Mild,Normal/Mild,Normal/Mild,Normal/Mild,Normal/Mild,Normal/Mild,Severe,Moderate,Moderate,Normal/Mild
2262987632,Normal/Mild,Normal/Mild,Normal/Mild,Normal/Mild,Normal/Mild,Normal/Mild,Normal/Mild,Normal/Mild,Normal/Mild,Normal/Mild,Normal/Mild,Normal/Mild,Normal/Mild,Normal/Mild,Normal/Mild,Normal/Mild,Normal/Mild,Normal/Mild,Moderate,Normal/Mild,Normal/Mild,Normal/Mild,Moderate,Moderate,Normal/Mild
2265301200,Normal/Mild,Normal/Mild,Normal/Mild,Normal/Mild,Normal/Mild,Normal/Mild,Normal/Mild,Normal/Mild,Normal/Mild,Normal/Mild,Normal/Mild,Normal/Mild,Normal/Mild,Normal/Mild,Normal/Mild,Normal/Mild,Normal/Mild,Normal/Mild,Normal/Mild,Normal/Mild,Normal/Mild,Normal/Mild,Normal/Mild,Moderate,Normal/Mild
2266719355,Moderate,Severe,Severe,Severe,Normal/Mild,Severe,Moderate,Normal/Mild,Moderate,Normal/Mild,Normal/Mild,Normal/Mild,Normal/Mild,Normal/Mild,Normal/Mild,Moderate,Severe,Severe,Severe,Normal/Mild,Moderate,Severe,Severe,Severe,Normal/Mild
2271029858,Normal/Mild,Normal/Mild,Normal/Mild,Normal/Mild,Normal/Mild,Normal/Mild,Normal/Mild,Moderate,Moderate,Normal/Mild,Normal/Mild,Normal/Mild,Normal/Mild,Normal/Mild,Normal/Mild,Normal/Mild,Normal/Mild,Normal/Mild,Moderate,Normal/Mild,Normal/Mild,Normal/Mild,Normal/Mild,Severe,Normal/Mild
2273432465,Normal/Mild,Normal/Mild,Moderate,Normal/Mild,Normal/Mild,Normal/Mild,Moderate,Moderate,Moderate,Moderate,Normal/Mild,Normal/Mild,Normal/Mild,Normal/Mild,Normal/Mild,Normal/Mild,Normal/Mild,Normal/Mild,Normal/Mild,Normal/Mild,Normal/Mild,Normal/Mild,Moderate,Severe,Severe
2280737054,Normal/Mild,Normal/Mild,Normal/Mild,Normal/Mild,Normal/Mild,Normal/Mild,Normal/Mild,Normal/Mild,Normal/Mild,Normal/Mild,Normal/Mild,Normal/Mild,Normal/Mild,Normal/Mild,Normal/Mild,Normal/Mild,Normal/Mild,Normal/Mild,Normal/Mild,Normal/Mild,Normal/Mild,Normal/Mild,Normal/Mild,Normal/Mild,Normal/Mild
2294509371,Normal/Mild,Normal/Mild,Normal/Mild,Normal/Mild,Normal/Mild,Normal/Mild,Normal/Mild,Normal/Mild,Normal/Mild,Normal/Mild,Normal/Mild,Normal/Mild,Normal/Mild,Normal/Mild,Normal/Mild,Normal/Mild,Normal/Mild,Normal/Mild,Normal/Mild,Normal/Mild,Normal/Mild,Normal/Mild,Normal/Mild,Normal/Mild,Normal/Mild
2299500502,Normal/Mild,Normal/Mild,Normal/Mild,Normal/Mild,Normal/Mild,Normal/Mild,Normal/Mild,Normal/Mild,Normal/Mild,Moderate,Normal/Mild,Normal/Mild,Normal/Mild,Moderate,Moderate,Normal/Mild,Normal/Mild,Normal/Mild,Moderate,Normal/Mild,Normal/Mild,Moderate,Moderate,Severe,Severe
2316015842,Normal/Mild,Normal/Mild,Normal/Mild,Normal/Mild,Normal/Mild,Normal/Mild,Normal/Mild,Normal/Mild,Moderate,Moderate,Normal/Mild,Normal/Mild,Moderate,Normal/Mild,Normal/Mild,Normal/Mild,Moderate,Moderate,Moderate,Normal/Mild,Normal/Mild,Normal/Mild,Severe,Moderate,Normal/Mild
2318756258,Normal/Mild,Normal/Mild,Normal/Mild,Normal/Mild,Normal/Mild,Normal/Mild,Moderate,Normal/Mild,Normal/Mild,Severe,Normal/Mild,Moderate,Moderate,Normal/Mild,Severe,Normal/Mild,Normal/Mild,Normal/Mild,Normal/Mild,Moderate,Normal/Mild,Normal/Mild,Normal/Mild,Normal/Mild,Moderate
2329896702,Normal/Mild,Normal/Mild,Normal/Mild,Normal/Mild,Normal/Mild,Normal/Mild,Normal/Mild,Normal/Mild,Normal/Mild,Moderate,Moderate,Normal/Mild,Normal/Mild,Normal/Mild,Normal/Mild,Moderate,Normal/Mild,Normal/Mild,Normal/Mild,Normal/Mild,Normal/Mild,Normal/Mild,Normal/Mild,Moderate,Normal/Mild
2336262864,Normal/Mild,Normal/Mild,Moderate,Moderate,Normal/Mild,Normal/Mild,Normal/Mild,Moderate,Moderate,Normal/Mild,Normal/Mild,Normal/Mild,Normal/Mild,Moderate,Normal/Mild,Normal/Mild,Normal/Mild,Moderate,Normal/Mild,Normal/Mild,Normal/Mild,Normal/Mild,Severe,Severe,Normal/Mild
2336355021,Normal/Mild,Normal/Mild,Normal/Mild,Normal/Mild,Normal/Mild,Normal/Mild,Normal/Mild,Normal/Mild,Moderate,Moderate,Normal/Mild,Normal/Mild,Normal/Mild,Moderate,Moderate,,Normal/Mild,Normal/Mild,Moderate,Severe,,Severe,Normal/Mild,Severe,Severe
2344333600,Normal/Mild,Normal/Mild,Normal/Mild,Normal/Mild,Normal/Mild,Normal/Mild,Normal/Mild,Normal/Mild,Normal/Mild,Normal/Mild,Normal/Mild,Normal/Mild,Normal/Mild,Normal/Mild,Normal/Mild,Normal/Mild,Normal/Mild,Normal/Mild,Moderate,Moderate,Normal/Mild,Normal/Mild,Normal/Mild,Moderate,Moderate
2348702073,Normal/Mild,Normal/Mild,Normal/Mild,Normal/Mild,Normal/Mild,Normal/Mild,Normal/Mild,Moderate,Moderate,Severe,Normal/Mild,Normal/Mild,Moderate,Moderate,Moderate,Normal/Mild,Normal/Mild,Normal/Mild,Moderate,Normal/Mild,Normal/Mild,Normal/Mild,Normal/Mild,Normal/Mild,Normal/Mild
2351425784,Normal/Mild,Moderate,Moderate,Moderate,Normal/Mild,Normal/Mild,Moderate,Normal/Mild,Normal/Mild,Normal/Mild,Normal/Mild,Normal/Mild,Moderate,Moderate,Normal/Mild,Moderate,Severe,Moderate,Severe,Moderate,Normal/Mild,Moderate,Moderate,Severe,Moderate
2361533111,Normal/Mild,Moderate,Normal/Mild,Severe,Normal/Mild,Normal/Mild,Moderate,Severe,Moderate,Normal/Mild,Normal/Mild,Normal/Mild,Normal/Mild,Normal/Mild,Normal/Mild,Normal/Mild,Severe,Severe,Severe,Normal/Mild,Normal/Mild,Moderate,Normal/Mild,Severe,Normal/Mild
2379426952,Normal/Mild,Normal/Mild,Normal/Mild,Normal/Mild,Normal/Mild,Normal/Mild,Normal/Mild,Normal/Mild,Normal/Mild,Normal/Mild,Normal/Mild,Normal/Mild,Normal/Mild,Normal/Mild,Normal/Mild,Normal/Mild,Normal/Mild,Normal/Mild,Normal/Mild,Normal/Mild,Normal/Mild,Normal/Mild,Normal/Mild,Normal/Mild,Normal/Mild
2383459912,Normal/Mild,Normal/Mild,Moderate,Moderate,Normal/Mild,Normal/Mild,Normal/Mild,Normal/Mild,Normal/Mild,Normal/Mild,Normal/Mild,Normal/Mild,Moderate,Normal/Mild,Normal/Mild,Normal/Mild,Normal/Mild,Normal/Mild,Severe,Normal/Mild,Normal/Mild,Moderate,Moderate,Severe,Normal/Mild
2410494888,Normal/Mild,Normal/Mild,Moderate,Moderate,Normal/Mild,Normal/Mild,Normal/Mild,Normal/Mild,Normal/Mild,Moderate,Normal/Mild,Normal/Mild,Normal/Mild,Normal/Mild,Normal/Mild,Normal/Mild,Normal/Mild,Moderate,Severe,Normal/Mild,Normal/Mild,Normal/Mild,Moderate,Severe,Normal/Mild
2410802623,Normal/Mild,Normal/Mild,Normal/Mild,Normal/Mild,Normal/Mild,Normal/Mild,Normal/Mild,Severe,Moderate,Normal/Mild,Normal/Mild,Normal/Mild,Moderate,Normal/Mild,Normal/Mild,Normal/Mild,Normal/Mild,Moderate,Moderate,Moderate,Normal/Mild,Moderate,Normal/Mild,Normal/Mild,Normal/Mild
2413888034,Normal/Mild,Normal/Mild,Normal/Mild,Normal/Mild,Normal/Mild,Normal/Mild,Normal/Mild,Normal/Mild,Moderate,Normal/Mild,Normal/Mild,Normal/Mild,Normal/Mild,Moderate,Normal/Mild,Normal/Mild,Normal/Mild,Normal/Mild,Normal/Mild,Normal/Mild,Normal/Mild,Normal/Mild,Normal/Mild,Normal/Mild,Normal/Mild
2427774074,Moderate,Severe,Severe,Normal/Mild,Normal/Mild,Normal/Mild,Moderate,Normal/Mild,Normal/Mild,Normal/Mild,Moderate,Moderate,Moderate,Normal/Mild,Moderate,Normal/Mild,Severe,Severe,Moderate,Moderate,Normal/Mild,Severe,Severe,Normal/Mild,Normal/Mild
2427880799,Normal/Mild,Normal/Mild,Moderate,Normal/Mild,Normal/Mild,Normal/Mild,Normal/Mild,Normal/Mild,Moderate,Moderate,Normal/Mild,Moderate,Normal/Mild,Moderate,Severe,,,Moderate,Severe,Normal/Mild,,,Severe,Severe,Normal/Mild
2434132259,Normal/Mild,Normal/Mild,Normal/Mild,Normal/Mild,Normal/Mild,Normal/Mild,Normal/Mild,Moderate,Moderate,Normal/Mild,Normal/Mild,Normal/Mild,Normal/Mild,Normal/Mild,Normal/Mild,Normal/Mild,Normal/Mild,Normal/Mild,Normal/Mild,Normal/Mild,Moderate,Moderate,Moderate,Normal/Mild,Normal/Mild
2436764599,Normal/Mild,Normal/Mild,Normal/Mild,Normal/Mild,Normal/Mild,Normal/Mild,Normal/Mild,Moderate,Moderate,Normal/Mild,Normal/Mild,Normal/Mild,Normal/Mild,Normal/Mild,Normal/Mild,Normal/Mild,Normal/Mild,Normal/Mild,Normal/Mild,Normal/Mild,Normal/Mild,Normal/Mild,Normal/Mild,Normal/Mild,Normal/Mild
2437170863,Normal/Mild,Normal/Mild,Normal/Mild,Moderate,Normal/Mild,Normal/Mild,Normal/Mild,Moderate,Moderate,Normal/Mild,Normal/Mild,Normal/Mild,Normal/Mild,Normal/Mild,Normal/Mild,Normal/Mild,Moderate,Moderate,Severe,Normal/Mild,Normal/Mild,Normal/Mild,Normal/Mild,Severe,Normal/Mild
2440904686,Normal/Mild,Normal/Mild,Normal/Mild,Normal/Mild,Normal/Mild,Normal/Mild,Normal/Mild,Normal/Mild,Normal/Mild,Moderate,Normal/Mild,Normal/Mild,Normal/Mild,Normal/Mild,Moderate,Normal/Mild,Normal/Mild,Normal/Mild,Moderate,Moderate,Normal/Mild,Normal/Mild,Normal/Mild,Normal/Mild,Moderate
2441592433,Normal/Mild,Normal/Mild,Normal/Mild,Moderate,Normal/Mild,Normal/Mild,Normal/Mild,Normal/Mild,Normal/Mild,Normal/Mild,Normal/Mild,Normal/Mild,Normal/Mild,Moderate,Normal/Mild,Normal/Mild,Normal/Mild,Normal/Mild,Severe,Normal/Mild,Normal/Mild,Normal/Mild,Normal/Mild,Severe,Normal/Mild
2455845008,Normal/Mild,Normal/Mild,Severe,Normal/Mild,Normal/Mild,Normal/Mild,Moderate,Severe,Moderate,Moderate,Normal/Mild,Normal/Mild,Moderate,Moderate,Moderate,Normal/Mild,Severe,Severe,Severe,Severe,Normal/Mild,Moderate,Severe,Severe,Moderate
2455924281,Normal/Mild,Normal/Mild,Normal/Mild,Moderate,Normal/Mild,Normal/Mild,Normal/Mild,Normal/Mild,Severe,Severe,Normal/Mild,Normal/Mild,Normal/Mild,Moderate,Moderate,Normal/Mild,Normal/Mild,Moderate,Severe,Moderate,Normal/Mild,Normal/Mild,Moderate,Severe,Moderate
2469878020,Normal/Mild,Normal/Mild,Normal/Mild,Normal/Mild,Normal/Mild,Normal/Mild,Moderate,Moderate,Normal/Mild,Moderate,Normal/Mild,Normal/Mild,Moderate,Severe,Moderate,Normal/Mild,Moderate,Severe,Moderate,Normal/Mild,Normal/Mild,Moderate,Normal/Mild,Severe,Normal/Mild
2480600394,Normal/Mild,Normal/Mild,Normal/Mild,Severe,Normal/Mild,Moderate,Normal/Mild,Moderate,Severe,Moderate,Normal/Mild,Moderate,Moderate,Severe,Severe,Moderate,Normal/Mild,Normal/Mild,Severe,Moderate,Moderate,Moderate,Moderate,Severe,Moderate
2490850085,Normal/Mild,Normal/Mild,Normal/Mild,Moderate,Normal/Mild,Normal/Mild,Normal/Mild,Normal/Mild,Normal/Mild,Normal/Mild,Normal/Mild,Normal/Mild,Normal/Mild,Severe,Normal/Mild,Normal/Mild,Normal/Mild,Normal/Mild,Moderate,Normal/Mild,Normal/Mild,Normal/Mild,Normal/Mild,Severe,Normal/Mild
2493610993,Normal/Mild,Normal/Mild,Severe,Moderate,Severe,Normal/Mild,Normal/Mild,Normal/Mild,Moderate,Severe,Normal/Mild,Normal/Mild,Moderate,Moderate,Normal/Mild,Normal/Mild,Normal/Mild,Severe,Severe,Moderate,Normal/Mild,Normal/Mild,Severe,Normal/Mild,Severe
2496620625,Normal/Mild,Normal/Mild,Normal/Mild,Normal/Mild,Normal/Mild,Normal/Mild,Normal/Mild,Normal/Mild,Normal/Mild,Normal/Mild,Normal/Mild,Normal/Mild,Normal/Mild,Normal/Mild,Normal/Mild,Normal/Mild,Normal/Mild,Normal/Mild,Normal/Mild,Normal/Mild,Normal/Mild,Normal/Mild,Normal/Mild,Normal/Mild,Normal/Mild
2501638175,Normal/Mild,Severe,Severe,Moderate,Normal/Mild,Normal/Mild,Severe,Normal/Mild,Moderate,Severe,Normal/Mild,Moderate,Moderate,Moderate,Moderate,Normal/Mild,Moderate,Severe,Moderate,Normal/Mild,Moderate,Severe,Severe,Moderate,Normal/Mild
2508151528,Normal/Mild,Normal/Mild,Normal/Mild,Moderate,Normal/Mild,Normal/Mild,Normal/Mild,Normal/Mild,Normal/Mild,Normal/Mild,Normal/Mild,Normal/Mild,Normal/Mild,Moderate,Normal/Mild,Normal/Mild,Moderate,Moderate,Severe,Moderate,Normal/Mild,Normal/Mild,Moderate,Severe,Normal/Mild
2509066997,Normal/Mild,Normal/Mild,Normal/Mild,Normal/Mild,Normal/Mild,Normal/Mild,Normal/Mild,Normal/Mild,Normal/Mild,Moderate,Normal/Mild,Normal/Mild,Normal/Mild,Normal/Mild,Normal/Mild,Normal/Mild,Normal/Mild,Normal/Mild,Normal/Mild,Moderate,Normal/Mild,Normal/Mild,Normal/Mild,Normal/Mild,Moderate
2510853598,Normal/Mild,Normal/Mild,Normal/Mild,Severe,Normal/Mild,Normal/Mild,Normal/Mild,Normal/Mild,Moderate,Normal/Mild,Normal/Mild,Normal/Mild,Normal/Mild,Normal/Mild,Severe,Normal/Mild,Normal/Mild,Normal/Mild,Severe,Normal/Mild,Normal/Mild,Normal/Mild,Normal/Mild,Moderate,Moderate
2518934182,Normal/Mild,Normal/Mild,Normal/Mild,Normal/Mild,Normal/Mild,Normal/Mild,Normal/Mild,Normal/Mild,Moderate,Normal/Mild,Normal/Mild,Normal/Mild,Normal/Mild,Normal/Mild,Normal/Mild,Normal/Mild,Normal/Mild,Normal/Mild,Normal/Mild,Normal/Mild,Normal/Mild,Normal/Mild,Moderate,Normal/Mild,Moderate
2530679352,Normal/Mild,Normal/Mild,Normal/Mild,Moderate,Severe,Normal/Mild,Normal/Mild,Normal/Mild,Moderate,Severe,Normal/Mild,Normal/Mild,Moderate,Severe,Normal/Mild,Normal/Mild,Moderate,Moderate,Moderate,Severe,Normal/Mild,Normal/Mild,Normal/Mild,Severe,Severe
2565951228,Normal/Mild,Moderate,Normal/Mild,Normal/Mild,Normal/Mild,Normal/Mild,Normal/Mild,Normal/Mild,Normal/Mild,Moderate,Normal/Mild,Moderate,Moderate,Normal/Mild,Normal/Mild,Normal/Mild,Normal/Mild,Normal/Mild,Normal/Mild,Normal/Mild,Normal/Mild,Moderate,Normal/Mild,Normal/Mild,Normal/Mild
2570112902,Normal/Mild,Normal/Mild,Normal/Mild,Moderate,Normal/Mild,Normal/Mild,Normal/Mild,Normal/Mild,Moderate,Normal/Mild,Normal/Mild,Normal/Mild,Normal/Mild,Severe,Moderate,Normal/Mild,Normal/Mild,Normal/Mild,Severe,Severe,Normal/Mild,Normal/Mild,Normal/Mild,Severe,Normal/Mild
2581421047,Normal/Mild,Normal/Mild,Normal/Mild,Moderate,Normal/Mild,Normal/Mild,Normal/Mild,Normal/Mild,Normal/Mild,Normal/Mild,Normal/Mild,Normal/Mild,Normal/Mild,Moderate,Normal/Mild,Normal/Mild,Normal/Mild,Normal/Mild,Normal/Mild,Normal/Mild,Normal/Mild,Normal/Mild,Normal/Mild,Moderate,Normal/Mild
2584853409,Normal/Mild,Moderate,Severe,Normal/Mild,Normal/Mild,Normal/Mild,Severe,Moderate,Moderate,Normal/Mild,Normal/Mild,Moderate,Moderate,Moderate,Severe,Severe,Severe,Severe,Severe,Moderate,Normal/Mild,Severe,Severe,Moderate,Normal/Mild
2586537623,Normal/Mild,Normal/Mild,Normal/Mild,Normal/Mild,Normal/Mild,Normal/Mild,Normal/Mild,Normal/Mild,Moderate,Normal/Mild,Normal/Mild,Normal/Mild,Normal/Mild,Moderate,Moderate,Normal/Mild,Normal/Mild,Normal/Mild,Moderate,Normal/Mild,Moderate,Moderate,Normal/Mild,Moderate,Normal/Mild
2590829526,Normal/Mild,Severe,Normal/Mild,Normal/Mild,Normal/Mild,Normal/Mild,Normal/Mild,Moderate,Normal/Mild,Moderate,Normal/Mild,Normal/Mild,Normal/Mild,Normal/Mild,Normal/Mild,Normal/Mild,Moderate,Moderate,Moderate,Moderate,Normal/Mild,Moderate,Moderate,Moderate,Severe
2597449301,Normal/Mild,Normal/Mild,Normal/Mild,Moderate,Normal/Mild,Normal/Mild,Normal/Mild,Normal/Mild,Moderate,Moderate,Normal/Mild,Normal/Mild,Normal/Mild,Normal/Mild,Normal/Mild,,,Normal/Mild,Moderate,Normal/Mild,,,Normal/Mild,Severe,Severe
2607462358,Normal/Mild,Normal/Mild,Normal/Mild,Normal/Mild,Normal/Mild,Normal/Mild,Moderate,Severe,Severe,Severe,,,,,,Moderate,Severe,Severe,Severe,Severe,Normal/Mild,Normal/Mild,Moderate,Moderate,Moderate
2616775351,Normal/Mild,Normal/Mild,Normal/Mild,Normal/Mild,Normal/Mild,Normal/Mild,Normal/Mild,Normal/Mild,Normal/Mild,Normal/Mild,Normal/Mild,Normal/Mild,Normal/Mild,Normal/Mild,Normal/Mild,Normal/Mild,Normal/Mild,Normal/Mild,Normal/Mild,Normal/Mild,Normal/Mild,Normal/Mild,Normal/Mild,Normal/Mild,Normal/Mild
2620201468,Normal/Mild,Normal/Mild,Normal/Mild,Normal/Mild,Normal/Mild,Normal/Mild,Normal/Mild,Normal/Mild,Normal/Mild,Severe,Normal/Mild,Normal/Mild,Normal/Mild,Normal/Mild,Normal/Mild,Normal/Mild,Normal/Mild,Normal/Mild,Normal/Mild,Normal/Mild,Normal/Mild,Normal/Mild,Normal/Mild,Normal/Mild,Normal/Mild
2621581337,Moderate,Normal/Mild,Normal/Mild,Normal/Mild,Severe,Normal/Mild,Normal/Mild,Moderate,Normal/Mild,Moderate,Normal/Mild,Normal/Mild,Moderate,Moderate,Moderate,Normal/Mild,Moderate,Moderate,Moderate,Severe,Normal/Mild,Normal/Mild,Normal/Mild,Normal/Mild,Severe
2625021354,Normal/Mild,Normal/Mild,Normal/Mild,Normal/Mild,Normal/Mild,Normal/Mild,Normal/Mild,Normal/Mild,Normal/Mild,Normal/Mild,Normal/Mild,Normal/Mild,Moderate,Normal/Mild,Normal/Mild,Normal/Mild,Normal/Mild,Moderate,Normal/Mild,Normal/Mild,Normal/Mild,Normal/Mild,Normal/Mild,Normal/Mild,Normal/Mild
2626276973,Normal/Mild,Normal/Mild,Normal/Mild,Normal/Mild,Normal/Mild,Normal/Mild,Normal/Mild,Normal/Mild,Moderate,Normal/Mild,Normal/Mild,Normal/Mild,Normal/Mild,Moderate,Moderate,Normal/Mild,Normal/Mild,Normal/Mild,Normal/Mild,Normal/Mild,Normal/Mild,Normal/Mild,Moderate,Normal/Mild,Normal/Mild
2627142799,Normal/Mild,Normal/Mild,Normal/Mild,Normal/Mild,Normal/Mild,Normal/Mild,Normal/Mild,Normal/Mild,Moderate,Normal/Mild,Normal/Mild,Normal/Mild,Normal/Mild,Normal/Mild,Severe,Normal/Mild,Normal/Mild,Normal/Mild,Normal/Mild,Normal/Mild,Normal/Mild,Normal/Mild,Normal/Mild,Moderate,Moderate
2629939203,Severe,Normal/Mild,Normal/Mild,Severe,Normal/Mild,Normal/Mild,Moderate,Moderate,Moderate,Severe,Moderate,Normal/Mild,Moderate,Severe,Severe,Severe,Severe,Moderate,Severe,Severe,Moderate,Normal/Mild,Moderate,Severe,Moderate
2649306672,Normal/Mild,Normal/Mild,Normal/Mild,Normal/Mild,Normal/Mild,Normal/Mild,Normal/Mild,Normal/Mild,Normal/Mild,Moderate,Normal/Mild,Normal/Mild,Normal/Mild,Normal/Mild,Normal/Mild,Normal/Mild,Normal/Mild,Normal/Mild,Normal/Mild,Normal/Mild,Normal/Mild,Normal/Mild,Normal/Mild,Normal/Mild,Normal/Mild
2671730146,Normal/Mild,Normal/Mild,Normal/Mild,Severe,Normal/Mild,Normal/Mild,Normal/Mild,Moderate,Moderate,Moderate,Normal/Mild,Normal/Mild,Moderate,Moderate,Moderate,Normal/Mild,Normal/Mild,Moderate,Severe,Normal/Mild,Normal/Mild,Normal/Mild,Normal/Mild,Severe,Normal/Mild
2683615288,Normal/Mild,Normal/Mild,Normal/Mild,Severe,Normal/Mild,Normal/Mild,Normal/Mild,Normal/Mild,Severe,Moderate,Normal/Mild,Normal/Mild,Normal/Mild,Severe,Normal/Mild,Normal/Mild,Moderate,Severe,Severe,Normal/Mild,Normal/Mild,Normal/Mild,Moderate,Severe,Normal/Mild
2696451534,Normal/Mild,Normal/Mild,Normal/Mild,Normal/Mild,Normal/Mild,Normal/Mild,Normal/Mild,Normal/Mild,Normal/Mild,Normal/Mild,Normal/Mild,Normal/Mild,Normal/Mild,Normal/Mild,Normal/Mild,Normal/Mild,Normal/Mild,Normal/Mild,Moderate,Normal/Mild,Normal/Mild,Normal/Mild,Normal/Mild,Normal/Mild,Normal/Mild
2704163363,Normal/Mild,Normal/Mild,Normal/Mild,Normal/Mild,Normal/Mild,Normal/Mild,Normal/Mild,Normal/Mild,Normal/Mild,Normal/Mild,Normal/Mild,Normal/Mild,Normal/Mild,Normal/Mild,Normal/Mild,Normal/Mild,Normal/Mild,Normal/Mild,Normal/Mild,Normal/Mild,Normal/Mild,Normal/Mild,Normal/Mild,Normal/Mild,Normal/Mild
2713141511,Normal/Mild,Normal/Mild,Moderate,Moderate,Normal/Mild,Normal/Mild,Normal/Mild,Moderate,Severe,Severe,Normal/Mild,Normal/Mild,Moderate,Moderate,Moderate,,Moderate,Severe,Severe,Normal/Mild,,Moderate,Severe,Moderate,Severe
2718479386,Normal/Mild,Normal/Mild,Normal/Mild,Normal/Mild,Normal/Mild,Normal/Mild,Normal/Mild,Normal/Mild,Normal/Mild,Normal/Mild,Normal/Mild,Normal/Mild,Normal/Mild,Normal/Mild,Normal/Mild,Normal/Mild,Normal/Mild,Normal/Mild,Moderate,Normal/Mild,Normal/Mild,Normal/Mild,Normal/Mild,Normal/Mild,Normal/Mild
2718854859,Normal/Mild,Normal/Mild,Normal/Mild,Normal/Mild,Normal/Mild,Normal/Mild,Normal/Mild,Normal/Mild,Normal/Mild,Normal/Mild,Normal/Mild,Normal/Mild,Normal/Mild,Normal/Mild,Normal/Mild,Normal/Mild,Normal/Mild,Normal/Mild,Severe,Normal/Mild,Normal/Mild,Normal/Mild,Normal/Mild,Normal/Mild,Normal/Mild
2719549572,Normal/Mild,Normal/Mild,Severe,Normal/Mild,Normal/Mild,Normal/Mild,Moderate,Moderate,Moderate,Normal/Mild,Normal/Mild,Moderate,Normal/Mild,Moderate,Normal/Mild,Normal/Mild,Moderate,Severe,Normal/Mild,Normal/Mild,Normal/Mild,Normal/Mild,Moderate,Severe,Moderate
2720654121,Normal/Mild,Normal/Mild,Normal/Mild,Moderate,Normal/Mild,Normal/Mild,Normal/Mild,Normal/Mild,Normal/Mild,Normal/Mild,Normal/Mild,Normal/Mild,Normal/Mild,Normal/Mild,Severe,Normal/Mild,Moderate,Moderate,Severe,Normal/Mild,Normal/Mild,Normal/Mild,Normal/Mild,Moderate,Severe
2728250599,Normal/Mild,Normal/Mild,Normal/Mild,Normal/Mild,Normal/Mild,Normal/Mild,Normal/Mild,Normal/Mild,Normal/Mild,Normal/Mild,Normal/Mild,Normal/Mild,Normal/Mild,Moderate,Normal/Mild,Normal/Mild,Normal/Mild,Normal/Mild,Normal/Mild,Normal/Mild,Normal/Mild,Normal/Mild,Normal/Mild,Normal/Mild,Normal/Mild
2745387667,Normal/Mild,Normal/Mild,Normal/Mild,Normal/Mild,Normal/Mild,Normal/Mild,Normal/Mild,Normal/Mild,Moderate,Normal/Mild,Normal/Mild,Normal/Mild,Moderate,Normal/Mild,Normal/Mild,Normal/Mild,Normal/Mild,Normal/Mild,Moderate,Normal/Mild,Normal/Mild,Normal/Mild,Normal/Mild,Normal/Mild,Normal/Mild
2746735779,Normal/Mild,Normal/Mild,Normal/Mild,Severe,Severe,Normal/Mild,Normal/Mild,Normal/Mild,Normal/Mild,Normal/Mild,Normal/Mild,Normal/Mild,Normal/Mild,Normal/Mild,Normal/Mild,Normal/Mild,Normal/Mild,Normal/Mild,Severe,Normal/Mild,Normal/Mild,Normal/Mild,Normal/Mild,Moderate,Normal/Mild
2752687885,Normal/Mild,Normal/Mild,Moderate,Severe,Normal/Mild,Normal/Mild,Normal/Mild,Moderate,Severe,Severe,Normal/Mild,Normal/Mild,Severe,Severe,Severe,Normal/Mild,Normal/Mild,Normal/Mild,Moderate,Normal/Mild,Normal/Mild,Normal/Mild,Normal/Mild,Moderate,Moderate
2753550138,Normal/Mild,Normal/Mild,Normal/Mild,Normal/Mild,Normal/Mild,Normal/Mild,Normal/Mild,Normal/Mild,Normal/Mild,Normal/Mild,Normal/Mild,Normal/Mild,Moderate,Normal/Mild,Normal/Mild,Normal/Mild,Normal/Mild,Normal/Mild,Normal/Mild,Normal/Mild,Normal/Mild,Normal/Mild,Normal/Mild,Normal/Mild,Normal/Mild
2761048584,Normal/Mild,Normal/Mild,Normal/Mild,Moderate,Normal/Mild,Normal/Mild,Normal/Mild,Normal/Mild,Normal/Mild,Normal/Mild,Normal/Mild,Normal/Mild,Normal/Mild,Normal/Mild,Moderate,Normal/Mild,Normal/Mild,Normal/Mild,Moderate,Normal/Mild,Normal/Mild,Normal/Mild,Normal/Mild,Normal/Mild,Normal/Mild
2763838004,Normal/Mild,Normal/Mild,Moderate,Severe,Severe,Normal/Mild,Normal/Mild,Moderate,Moderate,Moderate,Normal/Mild,Normal/Mild,Normal/Mild,Normal/Mild,Normal/Mild,Normal/Mild,Normal/Mild,Moderate,Severe,Severe,Normal/Mild,Normal/Mild,Normal/Mild,Severe,Severe
2767326159,Normal/Mild,Normal/Mild,Normal/Mild,Normal/Mild,Normal/Mild,Normal/Mild,Normal/Mild,Moderate,Normal/Mild,Normal/Mild,Normal/Mild,Normal/Mild,Normal/Mild,Moderate,Normal/Mild,Normal/Mild,Normal/Mild,Moderate,Severe,Normal/Mild,Normal/Mild,Normal/Mild,Normal/Mild,Normal/Mild,Normal/Mild
2780118855,Normal/Mild,Normal/Mild,Normal/Mild,Normal/Mild,Normal/Mild,Normal/Mild,Normal/Mild,Normal/Mild,Normal/Mild,Normal/Mild,Normal/Mild,Normal/Mild,Normal/Mild,Moderate,Normal/Mild,Normal/Mild,Normal/Mild,Normal/Mild,Normal/Mild,Normal/Mild,Normal/Mild,Normal/Mild,Normal/Mild,Moderate,Normal/Mild
2780366422,Normal/Mild,Normal/Mild,Normal/Mild,Normal/Mild,Normal/Mild,Normal/Mild,Normal/Mild,Normal/Mild,Normal/Mild,Normal/Mild,Normal/Mild,Normal/Mild,Normal/Mild,Normal/Mild,Normal/Mild,Normal/Mild,Normal/Mild,Normal/Mild,Moderate,Normal/Mild,Normal/Mild,Normal/Mild,Normal/Mild,Moderate,Moderate
2782244888,Normal/Mild,Normal/Mild,Moderate,Severe,Normal/Mild,Normal/Mild,Normal/Mild,Normal/Mild,Normal/Mild,Normal/Mild,Normal/Mild,Normal/Mild,Normal/Mild,Severe,Normal/Mild,Normal/Mild,Normal/Mild,Normal/Mild,Severe,Severe,Normal/Mild,Normal/Mild,Normal/Mild,Moderate,Normal/Mild
2809323451,Normal/Mild,Normal/Mild,Normal/Mild,Normal/Mild,Normal/Mild,Normal/Mild,Normal/Mild,Normal/Mild,Normal/Mild,Normal/Mild,Normal/Mild,Normal/Mild,Normal/Mild,Normal/Mild,Normal/Mild,Normal/Mild,Normal/Mild,Normal/Mild,Normal/Mild,Normal/Mild,Normal/Mild,Normal/Mild,Normal/Mild,Normal/Mild,Normal/Mild
2820783595,Normal/Mild,Normal/Mild,Normal/Mild,Severe,Normal/Mild,Normal/Mild,Normal/Mild,Normal/Mild,Normal/Mild,Normal/Mild,Normal/Mild,Normal/Mild,Normal/Mild,Moderate,Normal/Mild,Normal/Mild,Normal/Mild,Moderate,Severe,Severe,Normal/Mild,Normal/Mild,Normal/Mild,Severe,Normal/Mild
2821637646,Normal/Mild,Normal/Mild,Normal/Mild,Normal/Mild,Normal/Mild,Normal/Mild,Normal/Mild,Normal/Mild,Moderate,Moderate,Normal/Mild,Normal/Mild,Normal/Mild,Normal/Mild,Normal/Mild,Normal/Mild,Normal/Mild,Normal/Mild,Severe,Severe,Normal/Mild,Normal/Mild,Normal/Mild,Moderate,Moderate
2838898600,Normal/Mild,Normal/Mild,Normal/Mild,Normal/Mild,Normal/Mild,Normal/Mild,Normal/Mild,Normal/Mild,Normal/Mild,Normal/Mild,Normal/Mild,Normal/Mild,Moderate,Normal/Mild,Moderate,Normal/Mild,Normal/Mild,Normal/Mild,Normal/Mild,Normal/Mild,Normal/Mild,Normal/Mild,Normal/Mild,Normal/Mild,Normal/Mild
2857344475,Normal/Mild,Normal/Mild,Moderate,Normal/Mild,Normal/Mild,Normal/Mild,Normal/Mild,Normal/Mild,Moderate,Moderate,Normal/Mild,Normal/Mild,Moderate,Moderate,Normal/Mild,Normal/Mild,Normal/Mild,Moderate,Normal/Mild,Moderate,Normal/Mild,Normal/Mild,Moderate,Normal/Mild,Normal/Mild
2876107897,Normal/Mild,Normal/Mild,Normal/Mild,Normal/Mild,Normal/Mild,Normal/Mild,Normal/Mild,Normal/Mild,Normal/Mild,Severe,Normal/Mild,Normal/Mild,Normal/Mild,Normal/Mild,Severe,Normal/Mild,Normal/Mild,Normal/Mild,Normal/Mild,Normal/Mild,Normal/Mild,Normal/Mild,Normal/Mild,Normal/Mild,Normal/Mild
2881985242,Normal/Mild,Normal/Mild,Normal/Mild,Normal/Mild,Normal/Mild,Normal/Mild,Normal/Mild,Normal/Mild,Moderate,Moderate,Normal/Mild,Normal/Mild,Moderate,Moderate,Moderate,Normal/Mild,Normal/Mild,Normal/Mild,Normal/Mild,Normal/Mild,Normal/Mild,Moderate,Moderate,Moderate,Moderate
2883475064,Normal/Mild,Normal/Mild,Normal/Mild,Moderate,Normal/Mild,Normal/Mild,Normal/Mild,Normal/Mild,Normal/Mild,Normal/Mild,Normal/Mild,Normal/Mild,Normal/Mild,Normal/Mild,Normal/Mild,,,Normal/Mild,Moderate,Normal/Mild,,,Normal/Mild,Moderate,Normal/Mild
2897377266,Normal/Mild,Moderate,Normal/Mild,Normal/Mild,Normal/Mild,Normal/Mild,Normal/Mild,Normal/Mild,Normal/Mild,Normal/Mild,Normal/Mild,Normal/Mild,Normal/Mild,Normal/Mild,Normal/Mild,Normal/Mild,Moderate,Normal/Mild,Severe,Normal/Mild,Normal/Mild,Normal/Mild,Normal/Mild,Normal/Mild,Moderate
2911725373,Normal/Mild,Normal/Mild,Normal/Mild,Normal/Mild,Normal/Mild,Normal/Mild,Normal/Mild,Moderate,Normal/Mild,Normal/Mild,Normal/Mild,Normal/Mild,Moderate,Normal/Mild,Normal/Mild,Normal/Mild,Normal/Mild,Normal/Mild,Normal/Mild,Normal/Mild,Normal/Mild,Normal/Mild,Normal/Mild,Normal/Mild,Normal/Mild
2914883477,Normal/Mild,Normal/Mild,Normal/Mild,Normal/Mild,Normal/Mild,Normal/Mild,Normal/Mild,Normal/Mild,Normal/Mild,Normal/Mild,Normal/Mild,Normal/Mild,Normal/Mild,Normal/Mild,Normal/Mild,Normal/Mild,Normal/Mild,Normal/Mild,Normal/Mild,Normal/Mild,Normal/Mild,Normal/Mild,Normal/Mild,Severe,Normal/Mild
2915817319,Normal/Mild,Normal/Mild,Normal/Mild,Severe,Normal/Mild,Normal/Mild,Normal/Mild,Normal/Mild,Severe,Moderate,Moderate,Moderate,Moderate,Severe,Moderate,Moderate,Normal/Mild,Moderate,Severe,Moderate,Moderate,Normal/Mild,Moderate,Severe,Severe
2918363467,Normal/Mild,Normal/Mild,Normal/Mild,Normal/Mild,Severe,Normal/Mild,Moderate,Normal/Mild,Severe,Moderate,Normal/Mild,Normal/Mild,Normal/Mild,Moderate,Moderate,Normal/Mild,Normal/Mild,Moderate,Severe,Moderate,Normal/Mild,Normal/Mild,Moderate,Severe,Severe
2937573964,Normal/Mild,Normal/Mild,Normal/Mild,Normal/Mild,Normal/Mild,Normal/Mild,Normal/Mild,Normal/Mild,Moderate,Severe,Normal/Mild,Normal/Mild,Normal/Mild,Normal/Mild,Severe,Normal/Mild,Normal/Mild,Normal/Mild,Moderate,Normal/Mild,Normal/Mild,Normal/Mild,Normal/Mild,Normal/Mild,Normal/Mild
2937953357,Normal/Mild,Normal/Mild,Normal/Mild,Normal/Mild,Normal/Mild,Normal/Mild,Normal/Mild,Normal/Mild,Normal/Mild,Normal/Mild,Normal/Mild,Normal/Mild,Normal/Mild,Normal/Mild,Normal/Mild,Normal/Mild,Normal/Mild,Normal/Mild,Moderate,Normal/Mild,Normal/Mild,Normal/Mild,Normal/Mild,Normal/Mild,Normal/Mild
2940906971,Normal/Mild,Normal/Mild,Normal/Mild,Normal/Mild,Normal/Mild,Normal/Mild,Normal/Mild,Moderate,Moderate,Moderate,Normal/Mild,Normal/Mild,Normal/Mild,Normal/Mild,Normal/Mild,Normal/Mild,Normal/Mild,Normal/Mild,Normal/Mild,Moderate,Normal/Mild,Normal/Mild,Normal/Mild,Moderate,Normal/Mild
2966328820,Normal/Mild,Normal/Mild,Moderate,Normal/Mild,Normal/Mild,Normal/Mild,Normal/Mild,Normal/Mild,Severe,Normal/Mild,Normal/Mild,Moderate,Moderate,Moderate,Normal/Mild,Normal/Mild,Normal/Mild,Moderate,Moderate,Normal/Mild,Normal/Mild,Normal/Mild,Moderate,Normal/Mild,Normal/Mild
2975955864,Normal/Mild,Normal/Mild,Normal/Mild,Normal/Mild,Severe,Normal/Mild,Normal/Mild,Normal/Mild,Normal/Mild,Normal/Mild,Normal/Mild,Normal/Mild,Normal/Mild,Moderate,Severe,Normal/Mild,Normal/Mild,Normal/Mild,Normal/Mild,Severe,Normal/Mild,Normal/Mild,Normal/Mild,Normal/Mild,Severe
2988180557,Normal/Mild,Moderate,Moderate,Severe,Severe,Normal/Mild,Moderate,Normal/Mild,Moderate,Normal/Mild,Normal/Mild,Moderate,Moderate,Moderate,Moderate,Normal/Mild,Moderate,Moderate,Severe,Severe,Normal/Mild,Moderate,Moderate,Severe,Severe
2991800473,Normal/Mild,Normal/Mild,Normal/Mild,Normal/Mild,Normal/Mild,Normal/Mild,Normal/Mild,Normal/Mild,Normal/Mild,Normal/Mild,Normal/Mild,Normal/Mild,Normal/Mild,Normal/Mild,Normal/Mild,Normal/Mild,Normal/Mild,Normal/Mild,Normal/Mild,Normal/Mild,Normal/Mild,Normal/Mild,Normal/Mild,Normal/Mild,Normal/Mild
3004806533,Normal/Mild,Normal/Mild,Normal/Mild,Normal/Mild,Normal/Mild,Normal/Mild,Normal/Mild,Normal/Mild,Normal/Mild,Normal/Mild,Normal/Mild,Normal/Mild,Normal/Mild,Normal/Mild,Moderate,Normal/Mild,Normal/Mild,Moderate,Normal/Mild,Normal/Mild,Normal/Mild,Normal/Mild,Normal/Mild,Normal/Mild,Normal/Mild
3013275392,Normal/Mild,Normal/Mild,Normal/Mild,Normal/Mild,Normal/Mild,Normal/Mild,Normal/Mild,Normal/Mild,Normal/Mild,Normal/Mild,Normal/Mild,Normal/Mild,Normal/Mild,Normal/Mild,Normal/Mild,Normal/Mild,Normal/Mild,Normal/Mild,Normal/Mild,Normal/Mild,Normal/Mild,Normal/Mild,Normal/Mild,Normal/Mild,Normal/Mild
3013617022,Normal/Mild,Normal/Mild,Normal/Mild,Normal/Mild,Normal/Mild,Normal/Mild,Normal/Mild,Normal/Mild,Normal/Mild,Normal/Mild,Normal/Mild,Normal/Mild,Normal/Mild,Normal/Mild,Normal/Mild,Normal/Mild,Normal/Mild,Normal/Mild,Normal/Mild,Normal/Mild,Normal/Mild,Normal/Mild,Normal/Mild,Normal/Mild,Normal/Mild
3024532039,Normal/Mild,Normal/Mild,Normal/Mild,Normal/Mild,Normal/Mild,Normal/Mild,Normal/Mild,Normal/Mild,Normal/Mild,Moderate,Normal/Mild,Normal/Mild,Normal/Mild,Normal/Mild,Normal/Mild,Normal/Mild,Normal/Mild,Normal/Mild,Normal/Mild,,Normal/Mild,Normal/Mild,Moderate,Moderate,
3029953735,Moderate,Severe,Moderate,Normal/Mild,Severe,Normal/Mild,Moderate,Normal/Mild,Moderate,Severe,Normal/Mild,Normal/Mild,Normal/Mild,Normal/Mild,Severe,Normal/Mild,Moderate,Moderate,Normal/Mild,Moderate,Normal/Mild,Severe,Moderate,Severe,Severe
3033395470,Normal/Mild,Normal/Mild,Normal/Mild,Normal/Mild,Normal/Mild,Normal/Mild,Normal/Mild,Normal/Mild,Moderate,Severe,Normal/Mild,Normal/Mild,Normal/Mild,Normal/Mild,Moderate,Normal/Mild,Normal/Mild,Normal/Mild,Moderate,Moderate,Normal/Mild,Normal/Mild,Normal/Mild,Normal/Mild,Normal/Mild
3043181990,Normal/Mild,Normal/Mild,Normal/Mild,Moderate,Normal/Mild,Normal/Mild,Normal/Mild,Normal/Mild,Moderate,Severe,Normal/Mild,Normal/Mild,Normal/Mild,Normal/Mild,Severe,Normal/Mild,Normal/Mild,Normal/Mild,Moderate,Moderate,Normal/Mild,Normal/Mild,Moderate,Severe,Severe
3059640577,Normal/Mild,Normal/Mild,Normal/Mild,Normal/Mild,Normal/Mild,Normal/Mild,Normal/Mild,Normal/Mild,Normal/Mild,Normal/Mild,Normal/Mild,Normal/Mild,Normal/Mild,Normal/Mild,Normal/Mild,Normal/Mild,Normal/Mild,Normal/Mild,Normal/Mild,Normal/Mild,Normal/Mild,Normal/Mild,Normal/Mild,Normal/Mild,Normal/Mild
3060042925,Normal/Mild,Normal/Mild,Moderate,Normal/Mild,Normal/Mild,Normal/Mild,Normal/Mild,Moderate,Normal/Mild,Moderate,Normal/Mild,Normal/Mild,Moderate,Moderate,Moderate,Normal/Mild,Normal/Mild,Severe,Moderate,Normal/Mild,Normal/Mild,Normal/Mild,Moderate,Moderate,Severe
3065863143,Severe,Severe,Severe,Severe,Moderate,Normal/Mild,Normal/Mild,Severe,Moderate,Severe,Normal/Mild,Severe,Moderate,Moderate,Moderate,Moderate,Moderate,Severe,Severe,Severe,Normal/Mild,Severe,Severe,Severe,Moderate
3089624800,Normal/Mild,Normal/Mild,Normal/Mild,Severe,Moderate,Normal/Mild,Normal/Mild,Normal/Mild,Normal/Mild,Normal/Mild,Normal/Mild,Normal/Mild,Normal/Mild,Moderate,Normal/Mild,Normal/Mild,Normal/Mild,Moderate,Severe,Moderate,Normal/Mild,Normal/Mild,Normal/Mild,Severe,Moderate
3097937416,Normal/Mild,Normal/Mild,Normal/Mild,Normal/Mild,Normal/Mild,Normal/Mild,Normal/Mild,Moderate,Normal/Mild,Normal/Mild,Normal/Mild,Normal/Mild,Normal/Mild,Moderate,Normal/Mild,Normal/Mild,Normal/Mild,Normal/Mild,Moderate,Normal/Mild,Normal/Mild,Normal/Mild,Normal/Mild,Normal/Mild,Normal/Mild
3116585926,Normal/Mild,Normal/Mild,Normal/Mild,Moderate,Normal/Mild,Normal/Mild,Normal/Mild,Normal/Mild,Moderate,Normal/Mild,Normal/Mild,Normal/Mild,Normal/Mild,Normal/Mild,Normal/Mild,Normal/Mild,Normal/Mild,Normal/Mild,Normal/Mild,Moderate,Normal/Mild,Normal/Mild,Normal/Mild,Severe,Moderate
3138242355,Normal/Mild,Normal/Mild,Moderate,Severe,Normal/Mild,Normal/Mild,Normal/Mild,Normal/Mild,Normal/Mild,Normal/Mild,Normal/Mild,Normal/Mild,Moderate,Normal/Mild,Normal/Mild,Normal/Mild,Normal/Mild,Moderate,Severe,Severe,Normal/Mild,Normal/Mild,Moderate,Severe,Moderate
3139265320,Normal/Mild,Normal/Mild,Normal/Mild,Normal/Mild,Normal/Mild,Normal/Mild,Normal/Mild,Moderate,Moderate,Normal/Mild,Normal/Mild,Normal/Mild,Normal/Mild,Normal/Mild,Normal/Mild,Normal/Mild,Normal/Mild,Moderate,Moderate,Normal/Mild,Normal/Mild,Normal/Mild,Moderate,Normal/Mild,Normal/Mild
3143299204,Normal/Mild,Normal/Mild,Normal/Mild,Normal/Mild,Normal/Mild,Normal/Mild,Normal/Mild,Normal/Mild,Normal/Mild,Normal/Mild,Normal/Mild,Normal/Mild,Normal/Mild,Normal/Mild,Normal/Mild,Normal/Mild,Normal/Mild,Normal/Mild,Normal/Mild,Normal/Mild,Normal/Mild,Normal/Mild,Normal/Mild,Moderate,Normal/Mild
3153975178,Normal/Mild,Normal/Mild,Normal/Mild,Normal/Mild,Normal/Mild,Normal/Mild,Normal/Mild,Moderate,Moderate,Moderate,Normal/Mild,Normal/Mild,Normal/Mild,Normal/Mild,Moderate,Normal/Mild,Normal/Mild,Moderate,Moderate,Normal/Mild,Normal/Mild,Normal/Mild,Normal/Mild,Normal/Mild,Normal/Mild
3161302203,Normal/Mild,Normal/Mild,Normal/Mild,Normal/Mild,Normal/Mild,Normal/Mild,Normal/Mild,Normal/Mild,Normal/Mild,Normal/Mild,Normal/Mild,Normal/Mild,Normal/Mild,Normal/Mild,Normal/Mild,Normal/Mild,Normal/Mild,Normal/Mild,Normal/Mild,Normal/Mild,Normal/Mild,Normal/Mild,Normal/Mild,Normal/Mild,Normal/Mild
3165802126,Normal/Mild,Normal/Mild,Normal/Mild,Normal/Mild,Normal/Mild,Normal/Mild,Normal/Mild,Normal/Mild,Normal/Mild,Normal/Mild,Normal/Mild,Normal/Mild,Normal/Mild,Normal/Mild,Severe,Normal/Mild,Normal/Mild,Normal/Mild,Normal/Mild,Normal/Mild,Normal/Mild,Normal/Mild,Normal/Mild,Moderate,Normal/Mild
3172250881,Normal/Mild,Normal/Mild,Normal/Mild,Normal/Mild,Normal/Mild,Normal/Mild,Normal/Mild,Moderate,Moderate,Moderate,Normal/Mild,Normal/Mild,Normal/Mild,Moderate,Normal/Mild,Normal/Mild,Normal/Mild,Normal/Mild,Normal/Mild,Normal/Mild,Normal/Mild,Normal/Mild,Normal/Mild,Normal/Mild,Normal/Mild
3199667842,Normal/Mild,Normal/Mild,Normal/Mild,Normal/Mild,Normal/Mild,Moderate,Normal/Mild,Normal/Mild,Normal/Mild,Normal/Mild,Normal/Mild,Normal/Mild,Normal/Mild,Normal/Mild,Normal/Mild,Moderate,Normal/Mild,Normal/Mild,Normal/Mild,Normal/Mild,Normal/Mild,Normal/Mild,Normal/Mild,Normal/Mild,Normal/Mild
3203589580,Normal/Mild,Normal/Mild,Normal/Mild,Moderate,Normal/Mild,Normal/Mild,Moderate,Moderate,Moderate,Moderate,Normal/Mild,Normal/Mild,Moderate,Severe,Moderate,Normal/Mild,Moderate,Normal/Mild,Severe,Normal/Mild,Normal/Mild,Normal/Mild,Normal/Mild,Severe,Moderate
3215835959,Normal/Mild,Normal/Mild,Normal/Mild,Normal/Mild,Normal/Mild,Normal/Mild,Normal/Mild,Normal/Mild,Moderate,Normal/Mild,Normal/Mild,Normal/Mild,Normal/Mild,Normal/Mild,Normal/Mild,Normal/Mild,Normal/Mild,Normal/Mild,Moderate,Normal/Mild,Normal/Mild,Normal/Mild,Moderate,Severe,Moderate
3234424112,Moderate,Severe,Severe,Moderate,Normal/Mild,Normal/Mild,Normal/Mild,Normal/Mild,Normal/Mild,Normal/Mild,Normal/Mild,Normal/Mild,Normal/Mild,Normal/Mild,Normal/Mild,Severe,Severe,Severe,Moderate,Normal/Mild,Normal/Mild,Severe,Severe,Severe,Normal/Mild
3252162306,Normal/Mild,Normal/Mild,Moderate,Severe,Severe,Normal/Mild,Moderate,Moderate,Severe,Severe,Normal/Mild,Normal/Mild,Moderate,Severe,Severe,Normal/Mild,Moderate,Moderate,Severe,Severe,Normal/Mild,Normal/Mild,Moderate,Severe,Severe
3270195628,Normal/Mild,Normal/Mild,Normal/Mild,Moderate,Normal/Mild,Normal/Mild,Normal/Mild,Moderate,Moderate,Severe,Normal/Mild,Normal/Mild,Normal/Mild,Severe,Moderate,Normal/Mild,Normal/Mild,Normal/Mild,Moderate,Severe,Normal/Mild,Normal/Mild,Normal/Mild,Severe,Severe
3271808223,Normal/Mild,Normal/Mild,Normal/Mild,Normal/Mild,Normal/Mild,Normal/Mild,Normal/Mild,Normal/Mild,Normal/Mild,Moderate,Normal/Mild,Normal/Mild,Normal/Mild,Normal/Mild,Normal/Mild,Normal/Mild,Normal/Mild,Normal/Mild,Moderate,Moderate,Normal/Mild,Normal/Mild,Normal/Mild,Normal/Mild,Normal/Mild
3275218656,Normal/Mild,Normal/Mild,Normal/Mild,Normal/Mild,Normal/Mild,Normal/Mild,Normal/Mild,Normal/Mild,Normal/Mild,Normal/Mild,Normal/Mild,Normal/Mild,Normal/Mild,Normal/Mild,Normal/Mild,Normal/Mild,Normal/Mild,Normal/Mild,Normal/Mild,Normal/Mild,Normal/Mild,Moderate,Normal/Mild,Normal/Mild,Normal/Mild
3290740316,Normal/Mild,Normal/Mild,Normal/Mild,Moderate,Normal/Mild,Normal/Mild,Normal/Mild,Normal/Mild,Moderate,Normal/Mild,Normal/Mild,Normal/Mild,Normal/Mild,Normal/Mild,Normal/Mild,Normal/Mild,Normal/Mild,Normal/Mild,Moderate,Normal/Mild,Normal/Mild,Normal/Mild,Normal/Mild,Severe,Normal/Mild
3293419987,Normal/Mild,Normal/Mild,Normal/Mild,Normal/Mild,Normal/Mild,Normal/Mild,Normal/Mild,Normal/Mild,Moderate,Moderate,Normal/Mild,Normal/Mild,Normal/Mild,Moderate,Moderate,Normal/Mild,Normal/Mild,Normal/Mild,Severe,Normal/Mild,Normal/Mild,Normal/Mild,Normal/Mild,Moderate,Normal/Mild
3296226815,Normal/Mild,Normal/Mild,Normal/Mild,Normal/Mild,Normal/Mild,Normal/Mild,Normal/Mild,Normal/Mild,Moderate,Moderate,Normal/Mild,Normal/Mild,Normal/Mild,Moderate,Moderate,Normal/Mild,Normal/Mild,Normal/Mild,Severe,Normal/Mild,Normal/Mild,Normal/Mild,Normal/Mild,Moderate,Normal/Mild
3319937888,Normal/Mild,Normal/Mild,Normal/Mild,Normal/Mild,Normal/Mild,Normal/Mild,Normal/Mild,Normal/Mild,Normal/Mild,Normal/Mild,Normal/Mild,Normal/Mild,Normal/Mild,Normal/Mild,Normal/Mild,Normal/Mild,Normal/Mild,Normal/Mild,Normal/Mild,Normal/Mild,Normal/Mild,Normal/Mild,Normal/Mild,Normal/Mild,Normal/Mild
3323113372,Normal/Mild,Moderate,Moderate,Normal/Mild,Normal/Mild,Moderate,Moderate,Moderate,Normal/Mild,Normal/Mild,Normal/Mild,Normal/Mild,Moderate,Moderate,Severe,Normal/Mild,Moderate,Moderate,Moderate,Normal/Mild,Normal/Mild,Moderate,Severe,Severe,Normal/Mild
3329250043,Normal/Mild,Normal/Mild,Normal/Mild,Severe,Normal/Mild,Normal/Mild,Normal/Mild,Normal/Mild,Moderate,Moderate,Normal/Mild,Normal/Mild,Moderate,Moderate,Moderate,Normal/Mild,Normal/Mild,Normal/Mild,Severe,Moderate,Normal/Mild,Normal/Mild,Normal/Mild,Moderate,Normal/Mild
3337564969,Normal/Mild,Normal/Mild,Severe,Severe,Normal/Mild,Normal/Mild,Normal/Mild,Normal/Mild,Normal/Mild,Moderate,Severe,Moderate,Moderate,Normal/Mild,Normal/Mild,Normal/Mild,Normal/Mild,Moderate,Moderate,Severe,Severe,Normal/Mild,Moderate,Normal/Mild,Moderate
3339741647,Normal/Mild,Normal/Mild,Normal/Mild,Normal/Mild,Normal/Mild,Normal/Mild,Normal/Mild,Normal/Mild,Normal/Mild,Normal/Mild,Normal/Mild,Normal/Mild,Normal/Mild,Normal/Mild,Normal/Mild,Normal/Mild,Normal/Mild,Normal/Mild,Normal/Mild,Normal/Mild,Normal/Mild,Normal/Mild,Normal/Mild,Normal/Mild,Normal/Mild
3340993109,Normal/Mild,Normal/Mild,Normal/Mild,Normal/Mild,Normal/Mild,Normal/Mild,Normal/Mild,Normal/Mild,Normal/Mild,Normal/Mild,Normal/Mild,Normal/Mild,Normal/Mild,Normal/Mild,Normal/Mild,Normal/Mild,Normal/Mild,Normal/Mild,Normal/Mild,Normal/Mild,Normal/Mild,Normal/Mild,Normal/Mild,Normal/Mild,Normal/Mild
3343942613,Normal/Mild,Normal/Mild,Normal/Mild,Normal/Mild,Normal/Mild,Normal/Mild,Normal/Mild,Normal/Mild,Normal/Mild,Normal/Mild,Normal/Mild,Normal/Mild,Normal/Mild,Normal/Mild,Normal/Mild,Normal/Mild,Normal/Mild,Normal/Mild,Normal/Mild,Normal/Mild,Normal/Mild,Normal/Mild,Normal/Mild,Normal/Mild,Normal/Mild
3359356656,Normal/Mild,Normal/Mild,Normal/Mild,Normal/Mild,Normal/Mild,Normal/Mild,Normal/Mild,Normal/Mild,Normal/Mild,Normal/Mild,Normal/Mild,Normal/Mild,Normal/Mild,Normal/Mild,Normal/Mild,Normal/Mild,Normal/Mild,Normal/Mild,Normal/Mild,Normal/Mild,Normal/Mild,Normal/Mild,Normal/Mild,Normal/Mild,Normal/Mild
3368217301,Normal/Mild,Normal/Mild,Normal/Mild,Normal/Mild,Normal/Mild,Normal/Mild,Normal/Mild,Normal/Mild,Normal/Mild,Normal/Mild,Normal/Mild,Normal/Mild,Normal/Mild,Normal/Mild,Normal/Mild,Normal/Mild,Normal/Mild,Normal/Mild,Normal/Mild,Normal/Mild,Normal/Mild,Normal/Mild,Moderate,Moderate,Normal/Mild
3373245789,Normal/Mild,Normal/Mild,Normal/Mild,Normal/Mild,Normal/Mild,Normal/Mild,Normal/Mild,Normal/Mild,Moderate,Moderate,Normal/Mild,Normal/Mild,Normal/Mild,Normal/Mild,Moderate,Normal/Mild,Normal/Mild,Normal/Mild,Normal/Mild,Normal/Mild,Normal/Mild,Normal/Mild,Normal/Mild,Moderate,Severe
3387993595,Normal/Mild,Normal/Mild,Normal/Mild,Normal/Mild,Normal/Mild,Normal/Mild,Normal/Mild,Normal/Mild,Normal/Mild,Normal/Mild,Normal/Mild,Normal/Mild,Normal/Mild,Normal/Mild,Normal/Mild,Normal/Mild,Normal/Mild,Moderate,Normal/Mild,Normal/Mild,Normal/Mild,Normal/Mild,Moderate,Severe,Normal/Mild
3412978571,Normal/Mild,Normal/Mild,Normal/Mild,Severe,Normal/Mild,Normal/Mild,Normal/Mild,Normal/Mild,Normal/Mild,Normal/Mild,Normal/Mild,Normal/Mild,Normal/Mild,Normal/Mild,Normal/Mild,,Normal/Mild,Normal/Mild,Severe,Normal/Mild,,Normal/Mild,Moderate,Severe,Normal/Mild
3418118075,Moderate,Severe,Normal/Mild,Normal/Mild,Normal/Mild,Normal/Mild,Severe,Severe,Normal/Mild,Moderate,Moderate,Moderate,Moderate,Moderate,Normal/Mild,Severe,Severe,Normal/Mild,Normal/Mild,Normal/Mild,Severe,Severe,Moderate,Normal/Mild,Normal/Mild
3424322302,Normal/Mild,Normal/Mild,Normal/Mild,Normal/Mild,Normal/Mild,Normal/Mild,Normal/Mild,Normal/Mild,Normal/Mild,Normal/Mild,Normal/Mild,Normal/Mild,Normal/Mild,Normal/Mild,Normal/Mild,Normal/Mild,Normal/Mild,Normal/Mild,Normal/Mild,Normal/Mild,Normal/Mild,Normal/Mild,Normal/Mild,Normal/Mild,Normal/Mild
3427409235,Normal/Mild,Normal/Mild,Normal/Mild,Normal/Mild,Normal/Mild,Normal/Mild,Normal/Mild,Normal/Mild,Normal/Mild,Normal/Mild,Normal/Mild,Normal/Mild,Normal/Mild,Normal/Mild,Normal/Mild,Normal/Mild,Normal/Mild,Moderate,Moderate,Moderate,Normal/Mild,Normal/Mild,Normal/Mild,Moderate,Normal/Mild
3438741348,Normal/Mild,Normal/Mild,Moderate,Normal/Mild,Normal/Mild,Normal/Mild,Moderate,Moderate,Moderate,Severe,Normal/Mild,Moderate,Normal/Mild,Normal/Mild,Normal/Mild,Normal/Mild,Moderate,Severe,Normal/Mild,Normal/Mild,Normal/Mild,Moderate,Moderate,Moderate,Normal/Mild
3442533162,Normal/Mild,Normal/Mild,Normal/Mild,Normal/Mild,Normal/Mild,Normal/Mild,Normal/Mild,Normal/Mild,Normal/Mild,Moderate,Normal/Mild,Normal/Mild,Normal/Mild,Normal/Mild,Normal/Mild,Normal/Mild,Normal/Mild,Normal/Mild,Moderate,Normal/Mild,Normal/Mild,Normal/Mild,Normal/Mild,Normal/Mild,Normal/Mild
3447903093,Normal/Mild,Normal/Mild,Normal/Mild,Normal/Mild,Normal/Mild,Normal/Mild,Normal/Mild,Normal/Mild,Normal/Mild,Normal/Mild,Normal/Mild,Normal/Mild,Normal/Mild,Normal/Mild,Normal/Mild,Normal/Mild,Normal/Mild,Normal/Mild,Normal/Mild,Normal/Mild,Normal/Mild,Normal/Mild,Normal/Mild,Normal/Mild,Normal/Mild
3449872775,Normal/Mild,Normal/Mild,Normal/Mild,Normal/Mild,Normal/Mild,Normal/Mild,Normal/Mild,Normal/Mild,Normal/Mild,Moderate,Normal/Mild,Normal/Mild,Normal/Mild,Normal/Mild,Normal/Mild,Normal/Mild,Normal/Mild,Normal/Mild,Moderate,Moderate,Normal/Mild,Normal/Mild,Normal/Mild,Normal/Mild,Normal/Mild
3451042269,Normal/Mild,Normal/Mild,Normal/Mild,Normal/Mild,Normal/Mild,Normal/Mild,Normal/Mild,Normal/Mild,Normal/Mild,Moderate,Normal/Mild,Normal/Mild,Normal/Mild,Normal/Mild,Moderate,Normal/Mild,Normal/Mild,Normal/Mild,Moderate,Normal/Mild,Normal/Mild,Normal/Mild,Normal/Mild,Normal/Mild,Normal/Mild
3456650246,Normal/Mild,Normal/Mild,Normal/Mild,Normal/Mild,Normal/Mild,Normal/Mild,Normal/Mild,Normal/Mild,Normal/Mild,Normal/Mild,Normal/Mild,Normal/Mild,Normal/Mild,Normal/Mild,Normal/Mild,Normal/Mild,Normal/Mild,Normal/Mild,Normal/Mild,Normal/Mild,Normal/Mild,Normal/Mild,Normal/Mild,Normal/Mild,Normal/Mild
3461844320,Normal/Mild,Normal/Mild,Normal/Mild,Normal/Mild,Normal/Mild,Normal/Mild,Normal/Mild,Normal/Mild,Normal/Mild,Moderate,Normal/Mild,Normal/Mild,Normal/Mild,Normal/Mild,Moderate,Normal/Mild,Normal/Mild,Normal/Mild,Normal/Mild,Normal/Mild,Normal/Mild,Normal/Mild,Normal/Mild,Moderate,Normal/Mild
3466970792,Normal/Mild,Normal/Mild,Normal/Mild,Normal/Mild,Normal/Mild,Normal/Mild,Normal/Mild,Normal/Mild,Normal/Mild,Normal/Mild,Normal/Mild,Normal/Mild,Normal/Mild,Normal/Mild,Normal/Mild,Normal/Mild,Normal/Mild,Normal/Mild,Normal/Mild,Normal/Mild,Normal/Mild,Normal/Mild,Normal/Mild,Moderate,Normal/Mild
3478119785,Normal/Mild,Normal/Mild,Moderate,Normal/Mild,Normal/Mild,Normal/Mild,Normal/Mild,Normal/Mild,Normal/Mild,Severe,Normal/Mild,Normal/Mild,Moderate,Normal/Mild,Severe,Normal/Mild,Moderate,Severe,Normal/Mild,Normal/Mild,Normal/Mild,Normal/Mild,Normal/Mild,Normal/Mild,Normal/Mild
3479263503,Moderate,Severe,Moderate,Normal/Mild,Normal/Mild,Moderate,Moderate,Moderate,Moderate,Normal/Mild,Normal/Mild,Moderate,Moderate,Moderate,Normal/Mild,Moderate,Severe,Severe,Severe,Normal/Mild,Moderate,Severe,Moderate,Severe,Normal/Mild
3485457199,Normal/Mild,Normal/Mild,Normal/Mild,Normal/Mild,Normal/Mild,Normal/Mild,Normal/Mild,Normal/Mild,Normal/Mild,Severe,Normal/Mild,Normal/Mild,Normal/Mild,Normal/Mild,Normal/Mild,Normal/Mild,Normal/Mild,Normal/Mild,Moderate,Severe,Normal/Mild,Normal/Mild,Normal/Mild,Normal/Mild,Normal/Mild
3488486405,Normal/Mild,Normal/Mild,Normal/Mild,Normal/Mild,Normal/Mild,Normal/Mild,Normal/Mild,Moderate,Moderate,Normal/Mild,Normal/Mild,Normal/Mild,Normal/Mild,Moderate,Normal/Mild,Normal/Mild,Normal/Mild,Normal/Mild,Normal/Mild,Normal/Mild,Normal/Mild,Normal/Mild,Normal/Mild,Moderate,Moderate
3488985263,Normal/Mild,Normal/Mild,Normal/Mild,Normal/Mild,Normal/Mild,Normal/Mild,Normal/Mild,Normal/Mild,Normal/Mild,Normal/Mild,Normal/Mild,Normal/Mild,Normal/Mild,Normal/Mild,Normal/Mild,Normal/Mild,Normal/Mild,Normal/Mild,Normal/Mild,Normal/Mild,Normal/Mild,Normal/Mild,Normal/Mild,Normal/Mild,Normal/Mild
3489581041,Normal/Mild,Normal/Mild,Normal/Mild,Normal/Mild,Normal/Mild,Normal/Mild,Normal/Mild,Normal/Mild,Normal/Mild,Moderate,Normal/Mild,Moderate,Moderate,Moderate,Moderate,Normal/Mild,Normal/Mild,Normal/Mild,Moderate,Moderate,Normal/Mild,Normal/Mild,Normal/Mild,Normal/Mild,Normal/Mild
3496208349,Normal/Mild,Normal/Mild,Normal/Mild,Normal/Mild,Normal/Mild,Normal/Mild,Moderate,Severe,Normal/Mild,Moderate,Normal/Mild,Normal/Mild,Normal/Mild,Normal/Mild,Moderate,Normal/Mild,Moderate,Severe,Normal/Mild,Moderate,Normal/Mild,Normal/Mild,Moderate,Severe,Moderate
3503499724,Normal/Mild,Normal/Mild,Normal/Mild,Normal/Mild,Normal/Mild,Normal/Mild,Normal/Mild,Normal/Mild,Normal/Mild,Normal/Mild,Normal/Mild,Moderate,Moderate,Moderate,Normal/Mild,Normal/Mild,Moderate,Moderate,Normal/Mild,Normal/Mild,Normal/Mild,Normal/Mild,Normal/Mild,Moderate,Normal/Mild
3515641631,Normal/Mild,Moderate,Normal/Mild,Moderate,Normal/Mild,Normal/Mild,Moderate,Normal/Mild,Moderate,Moderate,Normal/Mild,Normal/Mild,Severe,Severe,Normal/Mild,,Moderate,Moderate,Severe,Normal/Mild,,,Normal/Mild,Moderate,Moderate
3521369408,Normal/Mild,Normal/Mild,Normal/Mild,Normal/Mild,Normal/Mild,Normal/Mild,Normal/Mild,Normal/Mild,Normal/Mild,Moderate,Normal/Mild,Normal/Mild,Normal/Mild,Normal/Mild,Normal/Mild,Normal/Mild,Normal/Mild,Normal/Mild,Normal/Mild,Normal/Mild,Normal/Mild,Normal/Mild,Moderate,Moderate,Normal/Mild
3528463452,Normal/Mild,Normal/Mild,Normal/Mild,Normal/Mild,Normal/Mild,Normal/Mild,Normal/Mild,Normal/Mild,Normal/Mild,Moderate,Normal/Mild,Moderate,Moderate,Moderate,Moderate,Normal/Mild,Normal/Mild,Moderate,Moderate,Normal/Mild,Normal/Mild,Normal/Mild,Moderate,Normal/Mild,Normal/Mild
3542237003,Normal/Mild,Normal/Mild,Normal/Mild,Severe,Normal/Mild,Normal/Mild,Normal/Mild,Normal/Mild,Normal/Mild,Normal/Mild,Normal/Mild,Normal/Mild,Normal/Mild,Normal/Mild,Normal/Mild,Normal/Mild,Normal/Mild,Normal/Mild,Severe,Normal/Mild,Normal/Mild,Normal/Mild,Normal/Mild,Moderate,Normal/Mild
3550756125,Normal/Mild,Normal/Mild,Normal/Mild,Normal/Mild,Normal/Mild,Normal/Mild,Normal/Mild,Normal/Mild,Moderate,Moderate,Normal/Mild,Normal/Mild,Normal/Mild,Normal/Mild,Moderate,Normal/Mild,Normal/Mild,Normal/Mild,Normal/Mild,Normal/Mild,Normal/Mild,Normal/Mild,Normal/Mild,Normal/Mild,Normal/Mild
3552213443,Normal/Mild,Normal/Mild,Normal/Mild,Normal/Mild,Normal/Mild,Normal/Mild,Normal/Mild,Normal/Mild,Moderate,Normal/Mild,Normal/Mild,Normal/Mild,Moderate,Normal/Mild,Normal/Mild,Normal/Mild,Normal/Mild,Normal/Mild,Normal/Mild,Normal/Mild,Normal/Mild,Normal/Mild,Normal/Mild,Moderate,Normal/Mild
3559205221,Normal/Mild,Normal/Mild,Normal/Mild,Normal/Mild,Normal/Mild,Normal/Mild,Normal/Mild,Normal/Mild,Normal/Mild,Normal/Mild,Severe,Moderate,Severe,Normal/Mild,Normal/Mild,Normal/Mild,Normal/Mild,Normal/Mild,Normal/Mild,Normal/Mild,Normal/Mild,Normal/Mild,Normal/Mild,Normal/Mild,Normal/Mild
3563792362,Normal/Mild,Normal/Mild,Severe,Severe,Normal/Mild,Normal/Mild,Severe,Moderate,Severe,Normal/Mild,Normal/Mild,Normal/Mild,Normal/Mild,Normal/Mild,Normal/Mild,Normal/Mild,Moderate,Severe,Moderate,Normal/Mild,Normal/Mild,Moderate,Severe,Severe,Normal/Mild
3573227658,Normal/Mild,Normal/Mild,Severe,Severe,Normal/Mild,Normal/Mild,Moderate,Moderate,Moderate,Moderate,Normal/Mild,Moderate,Severe,Moderate,Normal/Mild,Normal/Mild,Moderate,Severe,Severe,Moderate,Normal/Mild,Moderate,Severe,Moderate,Severe
3581755700,Normal/Mild,Normal/Mild,Normal/Mild,Normal/Mild,Normal/Mild,Normal/Mild,Normal/Mild,Normal/Mild,Normal/Mild,Normal/Mild,Normal/Mild,Normal/Mild,Normal/Mild,Normal/Mild,Normal/Mild,Normal/Mild,Moderate,Normal/Mild,Normal/Mild,Normal/Mild,Normal/Mild,Normal/Mild,Normal/Mild,Normal/Mild,Normal/Mild
3638792725,Normal/Mild,Normal/Mild,Normal/Mild,Normal/Mild,Normal/Mild,Normal/Mild,Normal/Mild,Normal/Mild,Normal/Mild,Normal/Mild,Normal/Mild,Normal/Mild,Normal/Mild,Moderate,Moderate,Normal/Mild,Normal/Mild,Normal/Mild,Normal/Mild,Normal/Mild,Normal/Mild,Normal/Mild,Normal/Mild,Normal/Mild,Normal/Mild
3647070644,Normal/Mild,Normal/Mild,Normal/Mild,Normal/Mild,Normal/Mild,Normal/Mild,Normal/Mild,Normal/Mild,Normal/Mild,Normal/Mild,Normal/Mild,Normal/Mild,Normal/Mild,Normal/Mild,Moderate,Normal/Mild,Normal/Mild,Normal/Mild,Moderate,Moderate,Normal/Mild,Normal/Mild,Normal/Mild,Normal/Mild,Moderate
3650821463,Normal/Mild,Normal/Mild,Normal/Mild,Normal/Mild,Normal/Mild,Normal/Mild,Moderate,Normal/Mild,Moderate,Normal/Mild,Normal/Mild,Normal/Mild,Normal/Mild,Normal/Mild,Normal/Mild,Normal/Mild,Normal/Mild,Normal/Mild,Moderate,,Normal/Mild,Moderate,Normal/Mild,Moderate,Normal/Mild
3681631381,Normal/Mild,Normal/Mild,Normal/Mild,Normal/Mild,Normal/Mild,Normal/Mild,Normal/Mild,Normal/Mild,Severe,Moderate,Normal/Mild,Normal/Mild,Normal/Mild,Normal/Mild,Normal/Mild,Moderate,Normal/Mild,Normal/Mild,Moderate,Moderate,Normal/Mild,Moderate,Normal/Mild,Moderate,Normal/Mild
3693117342,Normal/Mild,Normal/Mild,Normal/Mild,Severe,Normal/Mild,Normal/Mild,Normal/Mild,Normal/Mild,Normal/Mild,Severe,Normal/Mild,Normal/Mild,Normal/Mild,Normal/Mild,Moderate,Normal/Mild,Normal/Mild,Moderate,Moderate,Moderate,Normal/Mild,Normal/Mild,Normal/Mild,Severe,Normal/Mild
3694053417,Severe,Moderate,Normal/Mild,Normal/Mild,Normal/Mild,Normal/Mild,Normal/Mild,Moderate,Normal/Mild,Normal/Mild,Moderate,Normal/Mild,Normal/Mild,Normal/Mild,Moderate,Moderate,Severe,Normal/Mild,Normal/Mild,Normal/Mild,Severe,Moderate,Moderate,Normal/Mild,Normal/Mild
3701224868,Normal/Mild,Normal/Mild,Normal/Mild,Normal/Mild,Normal/Mild,Normal/Mild,Normal/Mild,Normal/Mild,Normal/Mild,Moderate,Normal/Mild,Normal/Mild,Normal/Mild,Normal/Mild,Moderate,Normal/Mild,Normal/Mild,Normal/Mild,Normal/Mild,Normal/Mild,Normal/Mild,Normal/Mild,Normal/Mild,Normal/Mild,Moderate
3719530586,Normal/Mild,Normal/Mild,Normal/Mild,Normal/Mild,Normal/Mild,Normal/Mild,Normal/Mild,Normal/Mild,Normal/Mild,Normal/Mild,Normal/Mild,Normal/Mild,Normal/Mild,Moderate,Normal/Mild,Normal/Mild,Normal/Mild,Normal/Mild,Normal/Mild,Normal/Mild,Normal/Mild,Normal/Mild,Moderate,Moderate,Normal/Mild
3731783147,Normal/Mild,Normal/Mild,Normal/Mild,Normal/Mild,Normal/Mild,Normal/Mild,Normal/Mild,Normal/Mild,Normal/Mild,Normal/Mild,Normal/Mild,Normal/Mild,Normal/Mild,Normal/Mild,Normal/Mild,Normal/Mild,Normal/Mild,Normal/Mild,Moderate,Normal/Mild,Normal/Mild,Normal/Mild,Normal/Mild,Normal/Mild,Normal/Mild
3733934909,Normal/Mild,Normal/Mild,Normal/Mild,Normal/Mild,Normal/Mild,Normal/Mild,Normal/Mild,Normal/Mild,Normal/Mild,Normal/Mild,Normal/Mild,Normal/Mild,Normal/Mild,Normal/Mild,Normal/Mild,Normal/Mild,Normal/Mild,Normal/Mild,Normal/Mild,Normal/Mild,Normal/Mild,Normal/Mild,Normal/Mild,Normal/Mild,Normal/Mild
3740224888,Normal/Mild,Normal/Mild,Normal/Mild,Normal/Mild,Normal/Mild,Normal/Mild,Normal/Mild,Normal/Mild,Normal/Mild,Normal/Mild,Normal/Mild,Normal/Mild,Normal/Mild,Normal/Mild,Normal/Mild,Normal/Mild,Normal/Mild,Normal/Mild,Normal/Mild,Normal/Mild,Normal/Mild,Normal/Mild,Normal/Mild,Normal/Mild,Normal/Mild
3742728457,Normal/Mild,Normal/Mild,Normal/Mild,Normal/Mild,Normal/Mild,Normal/Mild,Normal/Mild,Moderate,Severe,Normal/Mild,Normal/Mild,Normal/Mild,Normal/Mild,Normal/Mild,Moderate,Normal/Mild,Normal/Mild,Normal/Mild,Normal/Mild,Normal/Mild,Normal/Mild,Normal/Mild,Normal/Mild,Moderate,Moderate
3755793029,Normal/Mild,Normal/Mild,Normal/Mild,Normal/Mild,Normal/Mild,Normal/Mild,Normal/Mild,Normal/Mild,Moderate,Normal/Mild,Severe,Normal/Mild,Moderate,Normal/Mild,Moderate,Normal/Mild,Normal/Mild,Moderate,Moderate,Normal/Mild,Severe,Moderate,Moderate,Normal/Mild,Normal/Mild
3759970625,Normal/Mild,Normal/Mild,Normal/Mild,Normal/Mild,Normal/Mild,Normal/Mild,Normal/Mild,Moderate,Normal/Mild,Normal/Mild,Normal/Mild,Normal/Mild,Normal/Mild,Normal/Mild,Moderate,Normal/Mild,Normal/Mild,Normal/Mild,Normal/Mild,Normal/Mild,Normal/Mild,Normal/Mild,Moderate,Normal/Mild,Normal/Mild
3798996852,Normal/Mild,Normal/Mild,Normal/Mild,Normal/Mild,Normal/Mild,Normal/Mild,Moderate,Normal/Mild,Moderate,Moderate,Normal/Mild,Normal/Mild,Normal/Mild,Moderate,Moderate,Normal/Mild,Moderate,Severe,Severe,Moderate,Normal/Mild,Moderate,Moderate,Severe,Severe
3801228235,Normal/Mild,Normal/Mild,Moderate,Severe,Normal/Mild,Moderate,Moderate,Moderate,Moderate,Moderate,Normal/Mild,Moderate,Moderate,Moderate,Moderate,Moderate,Moderate,Severe,Severe,Normal/Mild,Normal/Mild,Moderate,Severe,Severe,Severe
3804922515,Normal/Mild,Moderate,Severe,Moderate,Normal/Mild,Normal/Mild,Normal/Mild,Normal/Mild,Normal/Mild,Normal/Mild,Normal/Mild,Normal/Mild,Normal/Mild,Normal/Mild,Normal/Mild,Moderate,Normal/Mild,Severe,Severe,Moderate,Normal/Mild,Normal/Mild,Moderate,Severe,Moderate
3806398445,Normal/Mild,Normal/Mild,Normal/Mild,Normal/Mild,Normal/Mild,Normal/Mild,Normal/Mild,Normal/Mild,Normal/Mild,Normal/Mild,Normal/Mild,Normal/Mild,Normal/Mild,Normal/Mild,Normal/Mild,Normal/Mild,Normal/Mild,Normal/Mild,Normal/Mild,Normal/Mild,Normal/Mild,Normal/Mild,Normal/Mild,Normal/Mild,Normal/Mild
3835824946,Normal/Mild,Normal/Mild,Normal/Mild,Normal/Mild,Normal/Mild,Normal/Mild,Normal/Mild,Normal/Mild,Normal/Mild,Normal/Mild,Normal/Mild,Normal/Mild,Normal/Mild,Normal/Mild,Normal/Mild,Normal/Mild,Normal/Mild,Normal/Mild,Normal/Mild,Normal/Mild,Normal/Mild,Normal/Mild,Normal/Mild,Normal/Mild,Normal/Mild
3850799893,Normal/Mild,Normal/Mild,Normal/Mild,Moderate,Normal/Mild,Normal/Mild,Normal/Mild,Normal/Mild,Normal/Mild,Normal/Mild,Normal/Mild,Normal/Mild,Normal/Mild,Normal/Mild,Normal/Mild,Normal/Mild,Normal/Mild,Normal/Mild,Normal/Mild,Normal/Mild,Normal/Mild,Normal/Mild,Normal/Mild,Severe,Normal/Mild
3864502208,Normal/Mild,Normal/Mild,Normal/Mild,Normal/Mild,Normal/Mild,Normal/Mild,Normal/Mild,Moderate,Moderate,Moderate,Normal/Mild,Normal/Mild,Normal/Mild,Normal/Mild,Moderate,Normal/Mild,Normal/Mild,Normal/Mild,Moderate,Normal/Mild,Normal/Mild,Normal/Mild,Normal/Mild,Moderate,Normal/Mild
3867046855,Normal/Mild,Normal/Mild,Normal/Mild,Severe,Severe,Normal/Mild,Normal/Mild,Normal/Mild,Moderate,Moderate,Normal/Mild,Normal/Mild,Normal/Mild,Normal/Mild,Moderate,Normal/Mild,Normal/Mild,Normal/Mild,Severe,Severe,Normal/Mild,Normal/Mild,Normal/Mild,Severe,Severe
3880626718,Normal/Mild,Normal/Mild,Normal/Mild,Normal/Mild,Normal/Mild,Normal/Mild,Normal/Mild,Normal/Mild,Normal/Mild,Normal/Mild,Normal/Mild,Normal/Mild,Normal/Mild,Normal/Mild,Normal/Mild,Normal/Mild,Normal/Mild,Normal/Mild,Normal/Mild,Normal/Mild,Normal/Mild,Normal/Mild,Normal/Mild,Normal/Mild,Normal/Mild
3882759508,Normal/Mild,Normal/Mild,Normal/Mild,Normal/Mild,Severe,Normal/Mild,Normal/Mild,Moderate,Moderate,Severe,Normal/Mild,Normal/Mild,Normal/Mild,Moderate,Severe,Normal/Mild,Normal/Mild,Moderate,Moderate,Severe,Normal/Mild,Normal/Mild,Moderate,Severe,Severe
3885334932,Normal/Mild,Normal/Mild,Normal/Mild,Severe,Normal/Mild,Normal/Mild,Normal/Mild,Normal/Mild,Moderate,Moderate,Normal/Mild,Normal/Mild,Normal/Mild,Normal/Mild,Normal/Mild,Normal/Mild,Normal/Mild,Moderate,Severe,Normal/Mild,Normal/Mild,Normal/Mild,Normal/Mild,Severe,Normal/Mild
3892114403,Normal/Mild,Normal/Mild,Normal/Mild,Normal/Mild,Normal/Mild,Normal/Mild,Moderate,Normal/Mild,Normal/Mild,Moderate,Moderate,Normal/Mild,Severe,Moderate,Moderate,Moderate,Moderate,Normal/Mild,Normal/Mild,Normal/Mild,Normal/Mild,Normal/Mild,Severe,Normal/Mild,Normal/Mild
3902887884,Normal/Mild,Normal/Mild,Normal/Mild,Normal/Mild,Normal/Mild,Normal/Mild,Normal/Mild,Normal/Mild,Normal/Mild,Normal/Mild,Normal/Mild,Normal/Mild,Moderate,Normal/Mild,Normal/Mild,Normal/Mild,Normal/Mild,Normal/Mild,Normal/Mild,Normal/Mild,Normal/Mild,Normal/Mild,Normal/Mild,Normal/Mild,Normal/Mild
3919969802,Normal/Mild,Moderate,Severe,Severe,Normal/Mild,Normal/Mild,Normal/Mild,Moderate,Moderate,Normal/Mild,Normal/Mild,Normal/Mild,Normal/Mild,Normal/Mild,Normal/Mild,Normal/Mild,Moderate,Severe,Severe,Severe,Normal/Mild,Normal/Mild,Normal/Mild,Severe,Severe
3949892272,Normal/Mild,Normal/Mild,Normal/Mild,Normal/Mild,Normal/Mild,Normal/Mild,Normal/Mild,Normal/Mild,Normal/Mild,Moderate,Normal/Mild,Moderate,Moderate,Moderate,Moderate,Normal/Mild,Normal/Mild,Normal/Mild,Moderate,Moderate,Moderate,Moderate,Moderate,Normal/Mild,Normal/Mild
3955843496,Normal/Mild,Normal/Mild,Normal/Mild,Normal/Mild,Normal/Mild,Normal/Mild,Normal/Mild,Normal/Mild,Normal/Mild,Moderate,Normal/Mild,Normal/Mild,Normal/Mild,Normal/Mild,Normal/Mild,Normal/Mild,Normal/Mild,Normal/Mild,Normal/Mild,Normal/Mild,Normal/Mild,Normal/Mild,Normal/Mild,Moderate,Normal/Mild
3973705542,Normal/Mild,Normal/Mild,Normal/Mild,Normal/Mild,Normal/Mild,Normal/Mild,Normal/Mild,Normal/Mild,Normal/Mild,Normal/Mild,Normal/Mild,Normal/Mild,Normal/Mild,Normal/Mild,Normal/Mild,,Normal/Mild,Normal/Mild,Moderate,Normal/Mild,,Normal/Mild,Normal/Mild,Moderate,Normal/Mild
3976403280,Normal/Mild,Normal/Mild,Normal/Mild,Severe,Normal/Mild,Normal/Mild,Normal/Mild,Normal/Mild,Moderate,Normal/Mild,Normal/Mild,Moderate,Moderate,Normal/Mild,Normal/Mild,Normal/Mild,Normal/Mild,Moderate,Severe,Normal/Mild,Normal/Mild,Moderate,Moderate,Severe,Normal/Mild
4000809387,Normal/Mild,Normal/Mild,Severe,Severe,Moderate,Normal/Mild,Moderate,Moderate,Severe,Severe,Normal/Mild,Normal/Mild,Normal/Mild,Moderate,Severe,Normal/Mild,Moderate,Severe,Severe,Severe,Normal/Mild,Normal/Mild,Normal/Mild,Normal/Mild,Normal/Mild
4002507530,Normal/Mild,Normal/Mild,Normal/Mild,Normal/Mild,Normal/Mild,Normal/Mild,Normal/Mild,Normal/Mild,Normal/Mild,Normal/Mild,Normal/Mild,Normal/Mild,Normal/Mild,Normal/Mild,Normal/Mild,Normal/Mild,Normal/Mild,Normal/Mild,Normal/Mild,Moderate,Normal/Mild,Normal/Mild,Normal/Mild,Normal/Mild,Normal/Mild
4013386850,Normal/Mild,Normal/Mild,Normal/Mild,Normal/Mild,Normal/Mild,Normal/Mild,Normal/Mild,Normal/Mild,Normal/Mild,Normal/Mild,Normal/Mild,Normal/Mild,Normal/Mild,Normal/Mild,Normal/Mild,Normal/Mild,Normal/Mild,Normal/Mild,Moderate,Normal/Mild,Normal/Mild,Normal/Mild,Normal/Mild,Moderate,Normal/Mild
4018516468,Normal/Mild,Severe,Severe,Moderate,Moderate,Normal/Mild,Normal/Mild,Moderate,Moderate,Severe,Normal/Mild,Normal/Mild,Normal/Mild,Severe,Severe,Moderate,Severe,Severe,Severe,Normal/Mild,Normal/Mild,Moderate,Severe,Severe,Moderate
4018667697,Normal/Mild,Normal/Mild,Normal/Mild,Normal/Mild,Normal/Mild,Normal/Mild,Normal/Mild,Normal/Mild,Normal/Mild,Normal/Mild,Normal/Mild,Normal/Mild,Normal/Mild,Normal/Mild,Normal/Mild,Normal/Mild,Normal/Mild,Normal/Mild,Normal/Mild,Normal/Mild,Normal/Mild,Normal/Mild,Normal/Mild,Normal/Mild,Normal/Mild
4031357862,Normal/Mild,Normal/Mild,Normal/Mild,Normal/Mild,Normal/Mild,Normal/Mild,Normal/Mild,Normal/Mild,Moderate,Normal/Mild,Normal/Mild,Normal/Mild,Normal/Mild,Normal/Mild,Normal/Mild,Normal/Mild,Normal/Mild,Normal/Mild,Normal/Mild,Normal/Mild,Normal/Mild,Normal/Mild,Normal/Mild,Normal/Mild,Normal/Mild
4043496694,Normal/Mild,Normal/Mild,Normal/Mild,Normal/Mild,Normal/Mild,Normal/Mild,Normal/Mild,Normal/Mild,Normal/Mild,Moderate,Normal/Mild,Normal/Mild,Normal/Mild,Normal/Mild,Moderate,Normal/Mild,Normal/Mild,Normal/Mild,Moderate,Moderate,Normal/Mild,Normal/Mild,Normal/Mild,Moderate,Severe
4050147189,Normal/Mild,Normal/Mild,Normal/Mild,Moderate,Normal/Mild,Normal/Mild,Normal/Mild,Normal/Mild,Moderate,Normal/Mild,Normal/Mild,Normal/Mild,Normal/Mild,Normal/Mild,Normal/Mild,,,Moderate,Severe,Normal/Mild,,,Normal/Mild,Severe,Normal/Mild
4055006120,Moderate,Moderate,Severe,Normal/Mild,Normal/Mild,Normal/Mild,Normal/Mild,Normal/Mild,Severe,Normal/Mild,Normal/Mild,Normal/Mild,Severe,Severe,Moderate,Normal/Mild,Normal/Mild,Moderate,Normal/Mild,Normal/Mild,Normal/Mild,Normal/Mild,Severe,Severe,Normal/Mild
4057365107,Normal/Mild,Normal/Mild,Normal/Mild,Normal/Mild,Normal/Mild,Normal/Mild,Normal/Mild,Normal/Mild,Normal/Mild,Normal/Mild,Normal/Mild,Normal/Mild,Normal/Mild,Normal/Mild,Normal/Mild,Normal/Mild,Normal/Mild,Normal/Mild,Normal/Mild,Normal/Mild,Normal/Mild,Normal/Mild,Normal/Mild,Moderate,Normal/Mild
4074422985,Normal/Mild,Normal/Mild,Normal/Mild,Moderate,Normal/Mild,Normal/Mild,Normal/Mild,Moderate,Moderate,Moderate,Normal/Mild,Moderate,Moderate,Normal/Mild,Severe,Normal/Mild,Moderate,Severe,Severe,Severe,Normal/Mild,Normal/Mild,Moderate,Normal/Mild,Normal/Mild
4075603869,Normal/Mild,Normal/Mild,Normal/Mild,Normal/Mild,Normal/Mild,Normal/Mild,Normal/Mild,Normal/Mild,Normal/Mild,Moderate,Normal/Mild,Normal/Mild,Normal/Mild,Normal/Mild,Severe,Normal/Mild,Normal/Mild,Normal/Mild,Normal/Mild,Normal/Mild,Normal/Mild,Normal/Mild,Normal/Mild,Normal/Mild,Normal/Mild
4095029738,Normal/Mild,Normal/Mild,Severe,Normal/Mild,Normal/Mild,Normal/Mild,Normal/Mild,Moderate,Moderate,Normal/Mild,Normal/Mild,Normal/Mild,Moderate,Moderate,Moderate,Normal/Mild,Normal/Mild,Severe,Moderate,Normal/Mild,Normal/Mild,Moderate,Severe,Severe,Moderate
4101309917,Normal/Mild,Normal/Mild,Normal/Mild,Normal/Mild,Normal/Mild,Normal/Mild,Normal/Mild,Normal/Mild,Normal/Mild,Normal/Mild,Normal/Mild,Normal/Mild,Normal/Mild,Normal/Mild,Moderate,Normal/Mild,Normal/Mild,Normal/Mild,Normal/Mild,Normal/Mild,Normal/Mild,Normal/Mild,Normal/Mild,Normal/Mild,Normal/Mild
4105233324,Normal/Mild,Normal/Mild,Normal/Mild,Moderate,Normal/Mild,Normal/Mild,Normal/Mild,Normal/Mild,Normal/Mild,Normal/Mild,Normal/Mild,Normal/Mild,Normal/Mild,Normal/Mild,Normal/Mild,Normal/Mild,Normal/Mild,Normal/Mild,Severe,Moderate,Normal/Mild,Moderate,Moderate,Severe,Normal/Mild
4122788296,Normal/Mild,Normal/Mild,Normal/Mild,Normal/Mild,Normal/Mild,Normal/Mild,Normal/Mild,Normal/Mild,Normal/Mild,Normal/Mild,Normal/Mild,Normal/Mild,Normal/Mild,Normal/Mild,Normal/Mild,Normal/Mild,Normal/Mild,Normal/Mild,Normal/Mild,Normal/Mild,Normal/Mild,Normal/Mild,Normal/Mild,Normal/Mild,Normal/Mild
4142503910,Normal/Mild,Normal/Mild,Normal/Mild,Normal/Mild,Normal/Mild,Normal/Mild,Normal/Mild,Normal/Mild,Normal/Mild,Normal/Mild,Normal/Mild,Normal/Mild,Normal/Mild,Normal/Mild,Normal/Mild,Normal/Mild,Normal/Mild,Normal/Mild,Normal/Mild,Normal/Mild,Normal/Mild,Normal/Mild,Normal/Mild,Moderate,Normal/Mild
4167991881,Normal/Mild,Moderate,Normal/Mild,Normal/Mild,Normal/Mild,Normal/Mild,Normal/Mild,Moderate,Moderate,Moderate,Normal/Mild,Severe,Moderate,Severe,Normal/Mild,Normal/Mild,Moderate,Moderate,Severe,Severe,Normal/Mild,Moderate,Moderate,Moderate,Normal/Mild
4169954134,Normal/Mild,Normal/Mild,Normal/Mild,Normal/Mild,Normal/Mild,Normal/Mild,Normal/Mild,Normal/Mild,Normal/Mild,Normal/Mild,Normal/Mild,Normal/Mild,Normal/Mild,Normal/Mild,Normal/Mild,Normal/Mild,Normal/Mild,Normal/Mild,Moderate,Normal/Mild,Normal/Mild,Normal/Mild,Normal/Mild,Normal/Mild,Normal/Mild
4171095315,Normal/Mild,Normal/Mild,Normal/Mild,Severe,Normal/Mild,Normal/Mild,Normal/Mild,Normal/Mild,Normal/Mild,Moderate,Normal/Mild,Normal/Mild,Normal/Mild,Moderate,Moderate,Normal/Mild,Normal/Mild,Normal/Mild,Severe,Moderate,Normal/Mild,Normal/Mild,Moderate,Severe,Severe
4179331034,Normal/Mild,Normal/Mild,Normal/Mild,Normal/Mild,Normal/Mild,Normal/Mild,Normal/Mild,Normal/Mild,Normal/Mild,Normal/Mild,Normal/Mild,Normal/Mild,Normal/Mild,Normal/Mild,Normal/Mild,Normal/Mild,Normal/Mild,Normal/Mild,Severe,Normal/Mild,Normal/Mild,Normal/Mild,Normal/Mild,Moderate,Normal/Mild
4200324709,Normal/Mild,Normal/Mild,Normal/Mild,Normal/Mild,Normal/Mild,Normal/Mild,Normal/Mild,Normal/Mild,Moderate,Normal/Mild,Normal/Mild,Normal/Mild,Normal/Mild,Moderate,Normal/Mild,Normal/Mild,Normal/Mild,Normal/Mild,Severe,Normal/Mild,Normal/Mild,Normal/Mild,Normal/Mild,Moderate,Normal/Mild
4201106871,Normal/Mild,Normal/Mild,Moderate,Severe,Normal/Mild,Normal/Mild,Normal/Mild,Moderate,Normal/Mild,Normal/Mild,Normal/Mild,Normal/Mild,Moderate,Severe,Normal/Mild,Normal/Mild,Normal/Mild,Moderate,Moderate,Normal/Mild,Normal/Mild,Normal/Mild,Moderate,Moderate,Severe
4219508579,Normal/Mild,Normal/Mild,Normal/Mild,Normal/Mild,Normal/Mild,Normal/Mild,Normal/Mild,Normal/Mild,Moderate,Normal/Mild,Normal/Mild,Normal/Mild,Normal/Mild,Moderate,Moderate,Moderate,Moderate,Normal/Mild,Normal/Mild,Severe,Normal/Mild,Normal/Mild,Normal/Mild,Normal/Mild,Normal/Mild
4220209378,Normal/Mild,Normal/Mild,Normal/Mild,Normal/Mild,Normal/Mild,Normal/Mild,Normal/Mild,Normal/Mild,Normal/Mild,Normal/Mild,Normal/Mild,Normal/Mild,Moderate,Normal/Mild,Moderate,Normal/Mild,Normal/Mild,Normal/Mild,Normal/Mild,Moderate,Normal/Mild,Normal/Mild,Normal/Mild,Normal/Mild,Normal/Mild
4224533120,Normal/Mild,Normal/Mild,Normal/Mild,Normal/Mild,Normal/Mild,Normal/Mild,Normal/Mild,Normal/Mild,Moderate,Normal/Mild,Normal/Mild,Normal/Mild,Normal/Mild,Moderate,Normal/Mild,Normal/Mild,Normal/Mild,Normal/Mild,Normal/Mild,Normal/Mild,Normal/Mild,Normal/Mild,Normal/Mild,Moderate,Normal/Mild
4231198665,Normal/Mild,Moderate,Moderate,Severe,Normal/Mild,Normal/Mild,Normal/Mild,Moderate,Moderate,Moderate,Normal/Mild,Normal/Mild,Normal/Mild,Moderate,Moderate,Normal/Mild,Normal/Mild,Moderate,Severe,Moderate,Normal/Mild,Normal/Mild,Normal/Mild,Severe,Moderate
4231733118,Moderate,Moderate,Normal/Mild,Normal/Mild,Normal/Mild,Normal/Mild,Normal/Mild,Normal/Mild,Normal/Mild,Normal/Mild,Normal/Mild,Normal/Mild,Normal/Mild,Normal/Mild,Normal/Mild,Moderate,Moderate,Normal/Mild,Normal/Mild,Normal/Mild,Normal/Mild,Moderate,Normal/Mild,Normal/Mild,Normal/Mild
4233157654,Normal/Mild,Normal/Mild,Normal/Mild,Normal/Mild,Normal/Mild,Normal/Mild,Normal/Mild,Normal/Mild,Normal/Mild,Normal/Mild,Normal/Mild,Normal/Mild,Normal/Mild,Normal/Mild,Normal/Mild,Normal/Mild,Normal/Mild,Normal/Mild,Normal/Mild,Normal/Mild,Normal/Mild,Normal/Mild,Normal/Mild,Normal/Mild,Normal/Mild
4249951560,Normal/Mild,Normal/Mild,Normal/Mild,Normal/Mild,Normal/Mild,Normal/Mild,Normal/Mild,Normal/Mild,Normal/Mild,Normal/Mild,Normal/Mild,Normal/Mild,Normal/Mild,Normal/Mild,Normal/Mild,Normal/Mild,Normal/Mild,Moderate,Moderate,Moderate,Normal/Mild,Normal/Mild,Normal/Mild,Normal/Mild,Normal/Mild
4264413460,Normal/Mild,Normal/Mild,Normal/Mild,Normal/Mild,Normal/Mild,Normal/Mild,Normal/Mild,Normal/Mild,Normal/Mild,Normal/Mild,Normal/Mild,Normal/Mild,Normal/Mild,Normal/Mild,Normal/Mild,Normal/Mild,Normal/Mild,Normal/Mild,Normal/Mild,Normal/Mild,Normal/Mild,Normal/Mild,Normal/Mild,Normal/Mild,Normal/Mild
4276898774,Normal/Mild,Normal/Mild,Normal/Mild,Normal/Mild,Normal/Mild,Normal/Mild,Normal/Mild,Normal/Mild,Normal/Mild,Normal/Mild,Normal/Mild,Normal/Mild,Normal/Mild,Normal/Mild,Normal/Mild,Normal/Mild,Normal/Mild,Normal/Mild,Severe,Normal/Mild,Normal/Mild,Normal/Mild,Normal/Mild,Moderate,Normal/Mild
4278146423,Normal/Mild,Normal/Mild,Normal/Mild,Moderate,Normal/Mild,Normal/Mild,Normal/Mild,Normal/Mild,Normal/Mild,Normal/Mild,Normal/Mild,Normal/Mild,Normal/Mild,Normal/Mild,Normal/Mild,Normal/Mild,Normal/Mild,Normal/Mild,Moderate,Normal/Mild,Normal/Mild,Normal/Mild,Normal/Mild,Severe,Normal/Mild
4279833491,Normal/Mild,Normal/Mild,Normal/Mild,Normal/Mild,Normal/Mild,Normal/Mild,Normal/Mild,Normal/Mild,Normal/Mild,Normal/Mild,Normal/Mild,Normal/Mild,Normal/Mild,Normal/Mild,Normal/Mild,Normal/Mild,Normal/Mild,Normal/Mild,Severe,Normal/Mild,Normal/Mild,Normal/Mild,Normal/Mild,Severe,Normal/Mild
4279881930,Normal/Mild,Moderate,Severe,Severe,Normal/Mild,Normal/Mild,Moderate,Moderate,Severe,Moderate,Moderate,Severe,Severe,Moderate,Normal/Mild,Normal/Mild,Severe,Severe,Severe,Normal/Mild,Moderate,Moderate,Severe,Severe,Normal/Mild
4283570761,Normal/Mild,Normal/Mild,Normal/Mild,Normal/Mild,Normal/Mild,Normal/Mild,Normal/Mild,Normal/Mild,Normal/Mild,Normal/Mild,Normal/Mild,Normal/Mild,Normal/Mild,Normal/Mild,Normal/Mild,Normal/Mild,Normal/Mild,Normal/Mild,Normal/Mild,Normal/Mild,Normal/Mild,Normal/Mild,Normal/Mild,Normal/Mild,Normal/Mild
4284048608,Normal/Mild,Normal/Mild,Normal/Mild,Severe,Normal/Mild,Normal/Mild,Normal/Mild,Normal/Mild,Normal/Mild,Severe,Normal/Mild,Normal/Mild,Normal/Mild,Normal/Mild,Normal/Mild,Normal/Mild,Normal/Mild,Normal/Mild,Severe,Normal/Mild,Normal/Mild,Normal/Mild,Normal/Mild,Severe,Normal/Mild
